,DPTO,NOMDPTO,2001,2002,2003,2004,2005,2006,2007,2008,2009,2010,2011,2012,2013,2014,2015,2016,2017,2018,2019,2020,2021,2022,2023,2024,2025
0,2001,Comuna 01,223620,225878,228137,230395,232654,234912,237171,239429,241688,243946,241711,239446,237182,234945,232752,230647,228649,226784,225064,223509,222147,221001,220077,219380,218916
1,2002,Comuna 02,138156,139551,140947,142342,143737,145133,146528,147923,149319,150714,151727,152769,153847,154910,155952,156936,157856,158668,159365,159940,160364,160609,160673,160551,160235
2,2003,Comuna 03,175381,177153,178924,180695,182467,184238,186009,187780,189552,191323,191533,191745,191956,192162,192364,192560,192748,192928,193096,193255,193403,193537,193657,193764,193857
3,2004,Comuna 04,215358,217533,219708,221883,224058,226233,228408,230583,232758,234933,234161,233376,232590,231813,231054,230324,229632,228989,228397,227866,227405,227024,226721,226504,226371
4,2005,Comuna 05,169861,171577,173292,175008,176723,178439,180154,181870,183585,185301,185996,186696,187397,188089,188764,189417,190034,190615,191156,191642,192077,192449,192755,192995,193172
5,2006,Comuna 06,167794,169489,171183,172878,174573,176267,177962,179657,181351,183046,184859,186701,188542,190349,192129,193839,195460,196984,198391,199667,200798,201764,202557,203170,203612
6,2007,Comuna 07,217104,219297,221489,223682,225875,228067,230260,232453,234645,236838,234527,232191,229847,227532,225268,223091,221032,219111,217354,215773,214402,213262,212364,211718,211328
7,6007,Adolfo Alsina,16245,16354,16462,16571,16679,16788,16896,17005,17113,17222,17232,17243,17253,17264,17274,17284,17294,17305,17314,17324,17334,17344,17353,17362,17371
8,10007,Ambato,4525,4533,4541,4550,4558,4566,4574,4583,4591,4599,4633,4680,4726,4773,4808,4854,4901,4935,4970,5005,5052,5087,5133,5168,5203
9,14007,Calamuchita,45418,46514,47610,48705,49801,50897,51993,53088,54184,55280,56810,58369,59959,61578,63223,64896,66596,68322,70072,71845,73642,75462,77303,79164,81044
10,18007,Bella Vista,35350,35660,35970,36280,36590,36901,37211,37521,37831,38141,38678,39218,39755,40295,40828,41357,41882,42402,42909,43409,43895,44369,44830,45280,45711
11,22007,Almirante Brown,29086,29716,30346,30977,31607,32237,32867,33498,34128,34758,35017,35277,35537,35797,36056,36314,36569,36822,37072,37317,37557,37794,38025,38251,38472
12,26007,Biedma,58677,61397,64118,66838,69558,72279,74999,77719,80440,83160,84661,86181,87728,89302,90901,92527,94180,95857,97558,99284,101032,102806,104601,106419,108258
13,34007,Bermejo,12710,12922,13133,13345,13556,13768,13979,14191,14402,14614,14701,14788,14875,14961,15045,15130,15212,15294,15374,15451,15527,15600,15671,15739,15804
14,38007,Cochinoca,12111,12196,12280,12365,12450,12534,12619,12704,12788,12873,13083,13292,13493,13688,13881,14064,14241,14411,14570,14722,14864,14998,15121,15234,15340
15,42007,Atreuco,10134,10168,10201,10235,10268,10302,10335,10369,10402,10436,10540,10637,10725,10801,10868,10927,10977,11011,11040,11057,11061,11053,11036,11006,10969
16,46007,Arauco,13720,13955,14190,14425,14660,14895,15130,15365,15600,15835,15868,15902,15936,15971,16005,16040,16076,16111,16146,16181,16216,16251,16285,16319,16352
17,50007,Capital,110993,111742,112490,113239,113987,114736,115484,116233,116981,117730,118258,118781,119299,119816,120325,120829,121329,121821,122306,122782,123251,123715,124169,124616,125054
18,54007,Apóstoles,38028,38550,39071,39593,40114,40636,41157,41679,42200,42722,43411,44094,44772,45442,46105,46760,47407,48046,48676,49295,49904,50503,51090,51666,52231
19,58007,Aluminé,6308,6561,6813,7066,7319,7571,7824,8077,8329,8582,8704,8827,8953,9081,9211,9342,9476,9612,9749,9888,10030,10173,10318,10465,10614
20,62007,Adolfo Alsina,50701,51578,52455,53332,54209,55086,55963,56840,57717,58594,59047,59500,59951,60398,60843,61284,61723,62156,62585,63010,63430,63845,64255,64659,65059
21,66007,Anta,49841,50809,51778,52746,53714,54683,55651,56619,57588,58556,59494,60431,61364,62293,63214,64129,65039,65941,66832,67714,68583,69442,70291,71126,71948
22,70007,Albardón,20413,20852,21291,21729,22168,22607,23046,23484,23923,24362,24946,25530,26115,26699,27281,27862,28441,29019,29591,30159,30720,31281,31835,32382,32924
23,74007,Ayacucho,16906,17207,17508,17808,18109,18410,18711,19011,19312,19613,19952,20294,20635,20975,21315,21652,21991,22328,22662,22994,23324,23653,23977,24299,24615
24,78007,Corpen Aike,7942,8299,8656,9012,9369,9726,10083,10439,10796,11153,11473,11795,12118,12441,12765,13088,13413,13736,14061,14384,14709,15035,15360,15685,16009
25,82007,Belgrano,41449,41912,42376,42839,43302,43766,44229,44692,45156,45619,45853,46091,46332,46575,46819,47065,47311,47558,47805,48052,48298,48544,48788,49032,49274
26,86007,Aguirre,7035,7104,7173,7243,7312,7381,7450,7520,7589,7658,7762,7867,7974,8084,8193,8303,8412,8522,8633,8742,8852,8959,9065,9171,9274
27,90007,Burruyacú,32936,33495,34054,34612,35171,35730,36289,36847,37406,37965,38598,39233,39869,40504,41136,41766,42394,43019,43638,44251,44858,45459,46052,46639,47217
28,94007,Río Grande,55131,57060,58989,60918,62847,64775,66704,68633,70562,72491,74634,76793,78964,81147,83340,85542,87753,89971,92197,94431,96670,98922,101181,103448,105720
29,2008,Comuna 08,201337,203370,205404,207437,209471,211504,213538,215571,217605,219638,218094,216519,214941,213377,211851,210383,208999,207716,206546,205503,204611,203888,203338,202970,202784
30,30008,Colón,52718,53853,54987,56122,57256,58391,59525,60660,61794,62929,63860,64802,65758,66727,67709,68703,69709,70726,71753,72790,73836,74890,75952,77021,78097
31,2009,Comuna 09,154626,156188,157749,159311,160873,162434,163996,165558,167119,168681,168606,168530,168455,168380,168308,168238,168171,168108,168050,167996,167949,167908,167872,167844,167822
32,2010,Comuna 10,155259,156827,158396,159964,161532,163100,164668,166236,167804,169372,169617,169862,170110,170353,170590,170820,171038,171243,171432,171606,171762,171896,172007,172095,172163
33,2011,Comuna 11,173949,175705,177462,179219,180976,182733,184490,186246,188003,189760,190893,191994,193031,194067,195103,196107,197079,198050,199022,199994,200933,201905,202876,203848,204819
34,2012,Comuna 12,193712,195669,197625,199581,201538,203494,205451,207407,209364,211320,213675,216055,218448,220803,223115,225339,227440,229398,231194,232803,234201,235364,236271,236936,237327
35,2013,Comuna 13,215278,217452,219626,221801,223975,226149,228323,230498,232672,234846,237482,240151,242771,245392,247948,250393,252758,254995,257088,259006,260764,262330,263672,264838,265765
36,2014,Comuna 14,207617,209714,211811,213908,216005,218102,220198,222295,224392,226489,228451,230385,232262,234140,235931,237723,239430,241108,242729,244293,245801,247252,248645,249982,251262
37,6014,Adolfo Gonzáles Chaves,12037,12052,12066,12081,12095,12110,12124,12139,12153,12168,12228,12289,12347,12408,12466,12522,12578,12634,12690,12742,12795,12847,12898,12952,13001
38,10014,Ancasti,3082,3074,3066,3058,3050,3043,3035,3027,3019,3011,3035,3059,3083,3102,3127,3151,3173,3194,3216,3240,3260,3282,3303,3323,3342
39,14014,Capital,1284582,1294138,1303694,1313250,1322806,1332361,1341917,1351473,1361029,1370585,1382290,1393895,1405368,1416667,1427737,1438551,1449166,1459568,1469669,1479475,1488937,1498060,1506805,1515305,1523537
40,18014,Berón de Astrada,2294,2319,2345,2370,2396,2421,2447,2472,2498,2523,2547,2572,2596,2621,2646,2670,2694,2718,2741,2764,2786,2808,2829,2849,2869
41,22014,Bermejo,24215,24377,24539,24701,24863,25025,25187,25349,25511,25673,25875,26081,26285,26489,26693,26896,27097,27295,27491,27684,27874,28060,28242,28419,28593
42,26014,Cushamen,17134,17577,18019,18462,18905,19347,19790,20233,20675,21118,21774,22415,23039,23662,24265,24847,25416,25981,26534,27074,27592,28099,28588,29079,29541
43,34014,Formosa,210071,213802,217533,221263,224994,228725,232456,236186,239917,243648,245859,248061,250249,252419,254563,256681,258775,260837,262852,264811,266719,268572,270361,272086,273739
44,38014,El Carmen,84667,86189,87710,89232,90753,92275,93796,95318,96839,98361,100312,102274,104249,106237,108232,110234,112241,114250,116258,118263,120263,122259,124247,126227,128192
45,42014,Caleu Caleu,2075,2107,2140,2172,2205,2237,2270,2302,2335,2367,2387,2407,2427,2448,2468,2488,2509,2529,2550,2570,2591,2611,2631,2651,2671
46,46014,Capital,146411,150763,155115,159467,163819,168171,172523,176875,181227,185579,187585,189616,191673,193746,195837,197937,200042,202149,204257,206350,208437,210507,212554,214579,216576
47,50014,General Alvear,44147,44515,44882,45250,45618,45985,46353,46721,47088,47456,47888,48321,48749,49173,49593,50007,50417,50821,51221,51614,52000,52379,52754,53118,53477
48,54014,Cainguás,47271,48017,48764,49510,50257,51003,51750,52496,53243,53989,54510,55027,55540,56047,56548,57043,57534,58017,58494,58962,59422,59875,60321,60756,61184
49,58014,Añelo,7554,7950,8347,8743,9139,9536,9932,10328,10725,11121,11621,12136,12666,13213,13773,14349,14942,15551,16175,16816,17474,18150,18843,19553,20282
50,62014,Avellaneda,32308,32705,33102,33499,33896,34294,34691,35088,35485,35882,36339,36793,37246,37697,38143,38587,39027,39463,39894,40321,40743,41160,41572,41979,42381
51,66014,Cachi,7280,7303,7326,7349,7372,7395,7418,7441,7464,7487,7612,7730,7855,7980,8098,8223,8342,8467,8579,8704,8816,8928,9046,9151,9256
52,70014,Angaco,7570,7652,7734,7817,7899,7981,8063,8146,8228,8310,8466,8625,8781,8938,9095,9251,9406,9561,9716,9869,10020,10172,10319,10467,10613
53,74014,Belgrano,3881,3906,3931,3955,3980,4005,4030,4054,4079,4104,4228,4353,4478,4603,4721,4846,4971,5089,5214,5332,5450,5575,5692,5810,5928
54,78014,Deseado,72953,76865,80776,84688,88599,92511,96422,100334,104245,108157,109654,111157,112663,114171,115678,117187,118698,120211,121724,123236,124749,126266,127781,129299,130817
55,82014,Caseros,79096,79616,80136,80657,81177,81697,82217,82738,83258,83778,83988,84201,84415,84630,84843,85055,85264,85471,85675,85874,86070,86261,86447,86628,86805
56,86014,Alberdi,15617,15809,16001,16192,16384,16576,16768,16959,17151,17343,17565,17789,18017,18246,18477,18710,18944,19178,19412,19644,19875,20104,20331,20554,20773
57,90014,Cruz Alta,162240,164815,167390,169964,172539,175114,177689,180263,182838,185413,188987,192570,196156,199736,203306,206861,210403,213923,217417,220875,224298,227688,231038,234344,237606
58,94014,Ushuaia,45785,47248,48712,50175,51639,53102,54566,56029,57493,58956,54661,50338,45991,41618,37228,32821,28392,23947,19487,15020,10534,6027,1502,-3036,-7585
59,2015,Comuna 15,167086,168774,170461,172149,173836,175524,177211,178899,180586,182274,183449,184569,185689,186753,187761,188769,189833,190841,191849,192969,194089,195265,196496,197784,199072
60,30015,Concordia,157291,158999,160706,162414,164122,165829,167537,169245,170952,172660,174950,176680,178807,180935,183058,185176,187288,189387,191472,193537,195581,197603,199599,201567,203503
61,6021,Alberti,10373,10414,10456,10497,10539,10580,10622,10663,10705,10746,10943,11134,11317,11507,11690,11873,12049,12225,12400,12569,12737,12906,13074,13228,13389
62,10021,Andalgalá,17102,17273,17443,17614,17784,17955,18125,18296,18466,18637,18715,18794,18872,18949,19026,19103,19179,19255,19329,19402,19474,19545,19614,19682,19747
63,14021,Colón,171067,177430,183793,190155,196518,202881,209244,215606,221969,228332,233279,238334,243496,248760,254138,259639,265222,270878,276642,282492,288451,294511,300669,306851,313055
64,18021,Capital,328868,333105,337342,341579,345816,350054,354291,358528,362765,367002,373079,379174,385261,391339,397373,403376,409314,415180,420945,426580,432078,437446,442662,447715,452617
65,22021,Comandante Fernández,88164,89378,90593,91807,93022,94236,95451,96665,97880,99094,99263,99434,99605,99775,99945,100114,100282,100448,100612,100773,100931,101086,101237,101386,101531
66,26021,Escalante,143689,148603,153517,158432,163346,168260,173174,178089,183003,187917,190199,192459,194724,196988,199245,201497,203748,205992,208212,210429,212632,214829,217011,219179,221336
67,30021,Diamante,44095,44430,44765,45101,45436,45771,46106,46442,46777,47112,47562,48013,48463,48910,49353,49791,50227,50658,51082,51499,51908,52312,52705,53090,53465
68,34021,Laishi,16227,16399,16571,16744,16916,17088,17260,17433,17605,17777,17909,18041,18173,18303,18433,18560,18686,18809,18931,19048,19163,19275,19383,19486,19585
69,38021,Dr. Manuel Belgrano,238012,241464,244916,248368,251820,255272,258724,262176,265628,269080,273318,277574,281838,286101,290351,294589,298818,303026,307201,311332,315425,319469,323470,327427,331327
70,42021,Capital,96920,98142,99363,100585,101806,103028,104249,105471,106692,107914,108857,109790,110720,111642,112550,113438,114317,115188,116044,116885,117699,118504,119293,120066,120818
71,46021,Castro Barros,4322,4333,4343,4354,4364,4375,4385,4396,4406,4417,4528,4647,4767,4887,4998,5109,5228,5339,5459,5579,5690,5810,5929,6040,6160
72,50021,Godoy Cruz,182977,184447,185917,187388,188858,190328,191798,193269,194739,196209,196063,195918,195775,195632,195492,195353,195215,195079,194945,194814,194684,194557,194431,194309,194188
73,54021,Candelaria,22290,22846,23402,23957,24513,25069,25625,26180,26736,27292,27969,28642,29308,29967,30619,31262,31900,32529,33149,33758,34356,34945,35523,36091,36647
74,58021,Catan Lil,2469,2494,2519,2544,2569,2595,2620,2645,2670,2695,2689,2684,2679,2674,2669,2664,2660,2656,2652,2648,2644,2641,2637,2634,2631
75,62021,Bariloche,109826,112661,115495,118330,121165,123999,126834,129669,132503,135338,137595,139844,142084,144311,146522,148715,150892,153048,155182,157293,159380,161443,163481,165492,167477
76,66021,Cafayate,11785,12155,12524,12894,13264,13633,14003,14373,14742,15112,15345,15578,15811,16041,16271,16499,16725,16950,17173,17391,17608,17822,18033,18241,18446
77,70021,Calingasta,8176,8245,8313,8382,8451,8519,8588,8657,8725,8794,8951,9110,9267,9424,9583,9740,9897,10052,10207,10361,10512,10667,10815,10963,11109
78,74021,Coronel Pringles,12571,13543,14515,15487,16459,17430,18402,19374,20346,21318,20872,20427,19982,19537,19095,18652,18210,17772,17334,16902,16471,16044,15618,15200,14785
79,78021,Güer Aike,92878,95228,97579,99929,102279,104630,106980,109330,111681,114031,115908,117794,119714,121651,123604,125557,127513,129471,131429,133388,135347,137309,139272,141235,143199
80,82021,Castellanos,162165,164298,166430,168563,170696,172828,174961,177094,179226,181359,182007,182664,183328,183999,184675,185355,186038,186723,187409,188094,188780,189464,190146,190827,191506
81,86021,Atamisqui,9809,9938,10068,10197,10326,10456,10585,10714,10844,10973,11286,11608,11929,12255,12583,12914,13246,13579,13909,14240,14568,14894,15215,15531,15842
82,90021,Chicligasta,75133,76010,76887,77764,78641,79518,80395,81272,82149,83026,83810,84597,85384,86171,86954,87735,88512,89285,90053,90812,91563,92308,93043,93769,94486
83,6028,Almirante Brown,515556,520164,524771,529379,533987,538594,543202,547810,552417,557025,559371,561629,564018,566380,568686,570873,573056,575148,577238,579246,581226,583209,585166,587098,589031
84,10028,Antofagasta de la Sierra,1282,1304,1325,1347,1368,1390,1411,1433,1454,1476,1505,1535,1564,1594,1623,1653,1682,1712,1740,1766,1794,1822,1848,1872,1899
85,14028,Cruz del Eje,52172,52910,53649,54387,55125,55864,56602,57340,58079,58817,59300,59787,60278,60771,61266,61763,62261,62759,63258,63756,64252,64748,65241,65732,66219
86,18028,Concepción,18411,18764,19117,19470,19823,20175,20528,20881,21234,21587,21991,22396,22801,23204,23606,24005,24399,24791,25173,25548,25913,26270,26617,26954,27279
87,22028,Chacabuco,27813,28197,28582,28966,29350,29735,30119,30503,30888,31272,31546,31822,32098,32375,32649,32922,33193,33462,33726,33986,34242,34493,34738,34977,35212
88,26028,Florentino Ameghino,1484,1502,1520,1538,1556,1575,1593,1611,1629,1647,1661,1674,1688,1702,1714,1726,1737,1747,1757,1765,1774,1782,1789,1796,1802
89,30028,Federación,60204,61252,62301,63349,64398,65446,66495,67543,68592,69640,70323,71012,71709,72414,73125,73844,74568,75299,76034,76773,77517,78264,79012,79764,80516
90,34028,Matacos,12133,12444,12755,13065,13376,13687,13998,14308,14619,14930,15114,15299,15481,15664,15844,16020,16196,16368,16537,16702,16861,17017,17166,17310,17449
91,38028,Humahuaca,16765,16865,16965,17065,17165,17265,17365,17465,17565,17665,17977,18292,18597,18893,19178,19455,19724,19980,20222,20455,20670,20877,21067,21243,21404
92,42028,Catriló,6728,6812,6895,6979,7062,7146,7229,7313,7396,7480,7547,7615,7683,7749,7812,7875,7938,7998,8057,8114,8170,8225,8278,8329,8378
93,46028,Coronel Felipe Varela,9939,9940,9940,9941,9942,9942,9943,9944,9944,9945,10061,10178,10295,10411,10528,10658,10774,10891,11008,11137,11254,11371,11487,11604,11721
94,50028,Guaymallén,251339,255569,259800,264030,268260,272491,276721,280951,285182,289412,292185,294939,297676,300387,303064,305712,308332,310919,313467,315976,318442,320871,323253,325592,327885
95,54028,Capital,284279,289152,294025,298898,303771,308643,313516,318389,323262,328135,333746,339316,344833,350293,355680,361009,366285,371501,376627,381666,386619,391498,396286,400984,405584
96,58028,Collón Curá,4395,4431,4467,4502,4538,4574,4610,4645,4681,4717,4727,4736,4746,4756,4766,4776,4785,4795,4804,4814,4823,4832,4840,4849,4858
97,62028,Conesa,6291,6389,6488,6586,6685,6783,6882,6980,7079,7177,7196,7215,7234,7253,7271,7290,7308,7327,7344,7363,7380,7398,7415,7432,7449
98,66028,Capital,472971,481181,489390,497600,505810,514019,522229,530439,538648,546858,553517,560152,566762,573342,579873,586355,592803,599192,605512,611750,617913,624003,630014,635935,641764
99,70028,Capital,112778,112691,112605,112518,112432,112345,112259,112172,112086,111999,112239,112480,112721,112961,113200,113440,113678,113916,114152,114385,114617,114849,115076,115300,115524
100,74028,Chacabuco,18410,17869,17328,16787,16246,15705,15164,14623,14082,13541,14635,15744,16824,17919,19014,20094,21175,22255,23336,24402,25469,26522,27560,28584,29609
101,78028,Lago Argentino,7500,8766,10031,11297,12563,13828,15094,16360,17625,18891,19455,20022,20572,21114,21646,22178,22712,23246,23780,24314,24849,25384,25919,26455,26992
102,82028,Constitución,83045,83665,84285,84904,85524,86144,86764,87383,88003,88623,88985,89352,89721,90091,90462,90832,91202,91569,91932,92292,92649,93000,93346,93687,94024
103,86028,Avellaneda,19348,19520,19693,19865,20037,20210,20382,20554,20727,20899,21267,21638,22014,22394,22775,23159,23546,23931,24318,24702,25084,25462,25836,26204,26566
104,90028,Famallá,30951,31454,31958,32461,32965,33468,33972,34475,34979,35482,36089,36699,37309,37917,38524,39129,39730,40329,40923,41510,42093,42669,43238,43801,44355
105,94028,Antártida Argentina,163,169,174,180,186,191,197,203,208,214,5913,12563,20162,25862,32511,39161,46761,53410,60060,65759,73359,80009,86658,94258,100907
106,6035,Avellaneda,328980,330844,332707,334571,336434,338298,340161,342025,343888,345752,347499,349218,350934,352659,354391,356116,357755,359416,361073,362733,364406,366117,367773,369422,370936
107,10035,Belén,25475,25822,26169,26516,26863,27210,27557,27904,28251,28598,28749,28900,29051,29202,29351,29499,29646,29792,29935,30077,30216,30353,30487,30617,30743
108,14035,General Roca,33323,33649,33976,34302,34628,34955,35281,35607,35934,36260,36243,36226,36209,36193,36176,36160,36143,36127,36111,36095,36079,36064,36048,36033,36018
109,18035,Curuzú Cuatiá,42075,42457,42839,43222,43604,43986,44368,44751,45133,45515,46030,46548,47063,47578,48091,48599,49103,49600,50089,50566,51033,51489,51930,52360,52775
110,26035,Futaleufú,37540,38206,38873,39539,40206,40872,41539,42205,42872,43538,44168,44787,45389,45973,46538,47084,47614,48122,48612,49082,49532,49965,50376,50770,51144
111,30035,Federal,25055,25193,25331,25469,25607,25746,25884,26022,26160,26298,26578,26858,27136,27411,27682,27948,28211,28468,28719,28966,29204,29436,29661,29879,30087
112,34035,Patiño,64830,65563,66296,67028,67761,68494,69227,69959,70692,71425,72327,73225,74119,75006,75880,76746,77602,78442,79264,80066,80844,81600,82331,83035,83711
113,38035,Ledesma,75716,76544,77372,78201,79029,79857,80685,81514,82342,83170,84199,85219,86224,87209,88173,89110,90026,90911,91767,92588,93377,94132,94850,95534,96177
114,42035,Conhelo,14591,14579,14568,14556,14545,14533,14522,14510,14499,14487,14522,14557,14602,14647,14702,14736,14789,14851,14918,14981,15025,15094,15174,15261,15351
115,46035,Chamical,13383,13514,13646,13777,13908,14040,14171,14302,14434,14565,14649,14736,14824,14913,15003,15092,15182,15273,15363,15452,15541,15630,15718,15804,15889
116,50035,Junín,35045,35446,35847,36247,36648,37049,37450,37850,38251,38652,39340,40026,40705,41379,42044,42705,43355,43997,44632,45254,45867,46472,47065,47646,48215
117,54035,Concepción,9085,9153,9221,9289,9357,9425,9493,9561,9629,9697,9751,9804,9856,9909,9961,10011,10062,10111,10161,10209,10256,10303,10349,10394,10437
118,58035,Confluencia,314793,321642,328491,335340,342189,349038,355887,362736,369585,376434,385167,393713,402058,410190,418095,425780,433250,440499,447519,454304,460864,467217,473351,479275,484983
119,62035,El Cuy,4252,4374,4496,4617,4739,4861,4983,5104,5226,5348,5488,5627,5764,5902,6038,6173,6308,6442,6573,6703,6833,6960,7085,7210,7332
120,66035,Cerrillos,26320,27436,28552,29668,30784,31899,33015,34131,35247,36363,38031,39696,41355,43004,44642,46268,47884,49488,51075,52640,54185,55713,57219,58706,60166
121,70035,Caucete,33609,34223,34837,35450,36064,36678,37292,37905,38519,39133,39545,39958,40370,40783,41193,41603,42012,42419,42823,43225,43621,44017,44407,44793,45176
122,74035,General Pedernera,110814,112873,114933,116992,119052,121111,123171,125230,127290,129349,130978,132609,134239,135866,137491,139110,140725,142334,143936,145525,147103,148671,150222,151759,153276
123,78035,Lago Buenos Aires,6223,6509,6795,7080,7366,7652,7938,8223,8509,8795,9108,9422,9738,10054,10368,10684,11001,11317,11633,11950,12266,12584,12901,13218,13535
124,82035,Garay,19913,20067,20221,20375,20529,20683,20837,20991,21145,21299,21591,21886,22184,22484,22784,23086,23385,23683,23979,24273,24564,24853,25138,25419,25697
125,86035,Banda,128387,130004,131621,133238,134855,136473,138090,139707,141324,142941,145150,147385,149644,151927,154226,156539,158864,161193,163517,165828,168124,170401,172649,174867,177048
126,90035,Graneros,13063,13163,13263,13362,13462,13562,13662,13761,13861,13961,14093,14227,14361,14494,14627,14760,14892,15023,15155,15284,15412,15539,15663,15787,15909
127,22036,12 de Octubre,20149,20441,20733,21026,21318,21610,21902,22195,22487,22779,22813,22847,22881,22916,22950,22984,23017,23050,23083,23116,23147,23179,23209,23239,23268
128,22039,2 de Abril,7435,7461,7487,7513,7539,7566,7592,7618,7644,7670,7714,7765,7822,7875,7932,7986,8042,8096,8150,8204,8256,8310,8361,8410,8462
129,6042,Ayacucho,19669,19762,19855,19948,20041,20133,20226,20319,20412,20505,20616,20728,20837,20944,21050,21157,21260,21362,21463,21562,21660,21757,21851,21946,22038
130,10042,Capayán,14137,14400,14663,14926,15189,15453,15716,15979,16242,16505,16760,17017,17271,17525,17777,18028,18277,18522,18766,19006,19240,19471,19696,19916,20129
131,14042,General San Martín,116107,117483,118859,120235,121611,122987,124363,125739,127115,128491,130521,132555,134587,136619,138640,140654,142656,144645,146616,148565,150493,152397,154272,156119,157933
132,18042,Empedrado,14721,14809,14897,14986,15074,15162,15250,15339,15427,15515,15726,15934,16146,16355,16565,16770,16977,17178,17379,17571,17762,17948,18126,18302,18472
133,26042,Gaiman,9612,9794,9977,10159,10341,10524,10706,10888,11071,11253,11371,11487,11601,11712,11821,11927,12031,12131,12229,12323,12416,12505,12590,12674,12753
134,30042,Feliciano,14584,14667,14750,14833,14916,15000,15083,15166,15249,15332,15455,15578,15700,15820,15939,16057,16173,16287,16399,16507,16614,16717,16817,16914,17007
135,34042,Pilagás,17523,17706,17889,18071,18254,18437,18620,18802,18985,19168,19160,19154,19147,19140,19133,19126,19120,19113,19107,19100,19094,19089,19083,19077,19072
136,38042,Palpalá,48199,48781,49363,49945,50527,51109,51691,52273,52855,53437,54481,55525,56567,57603,58634,59654,60666,61666,62655,63626,64581,65522,66444,67348,68231
137,42042,Curacó,886,906,926,946,966,986,1006,1026,1046,1066,1069,1072,1075,1078,1081,1085,1088,1091,1093,1097,1099,1103,1105,1108,1111
138,46042,Chilecito,42248,43189,44131,45072,46013,46955,47896,48837,49779,50720,51363,52012,52670,53335,54003,54667,55341,56015,56688,57359,58023,58681,59333,59977,60613
139,50042,La Paz,9560,9635,9711,9786,9861,9937,10012,10087,10163,10238,10392,10552,10707,10859,11011,11160,11308,11455,11599,11741,11881,12018,12152,12286,12416
140,54042,El Dorado,67726,68982,70237,71493,72749,74004,75260,76516,77771,79027,80098,81162,82216,83259,84289,85308,86315,87311,88291,89254,90200,91133,92048,92945,93824
141,58042,Chos Malal,14185,14370,14556,14741,14926,15112,15297,15482,15668,15853,16115,16369,16612,16843,17061,17270,17467,17654,17828,17993,18145,18289,18419,18544,18657
142,62042,General Roca,281653,286581,291509,296438,301366,306294,311222,316151,321079,326007,330587,335138,339733,344296,348833,353331,357825,362291,366777,371089,375374,379627,383629,387761,391877
143,66042,Chicoana,18248,18568,18888,19208,19528,19847,20167,20487,20807,21127,21437,21745,22053,22358,22662,22964,23263,23560,23855,24146,24431,24715,24995,25269,25541
144,70042,Chimbas,73829,75515,77200,78886,80571,82257,83942,85628,87313,88999,90245,91494,92742,93989,95232,96473,97709,98940,100163,101375,102579,103772,104954,106124,107280
145,74042,Gobernador Dupuy,11120,11231,11343,11454,11565,11677,11788,11899,12011,12122,12310,12496,12682,12870,13056,13242,13423,13609,13793,13974,14155,14334,14512,14688,14862
146,78042,Magallanes,6536,6838,7139,7441,7742,8044,8345,8647,8948,9250,9546,9843,10140,10437,10737,11034,11333,11631,11930,12229,12528,12828,13128,13426,13726
147,82042,General López,182113,183523,184932,186342,187751,189161,190570,191980,193389,194799,195268,195742,196220,196699,197179,197657,198134,198609,199078,199543,200002,200455,200901,201340,201773
148,86042,Belgrano,7950,8096,8242,8388,8534,8680,8826,8972,9118,9264,9388,9514,9641,9769,9898,10029,10159,10291,10421,10552,10680,10809,10935,11060,11183
149,90042,Juan B. Alberdi,28206,28527,28849,29170,29492,29813,30135,30456,30778,31099,31407,31716,32024,32334,32641,32948,33253,33557,33859,34157,34452,34745,35033,35319,35600
150,22043,Fray Justo Santa María de Oro,10485,10662,10839,11016,11193,11371,11548,11725,11902,12079,11956,11833,11710,11587,11465,11343,11222,11102,10984,10868,10754,10643,10533,10427,10322
151,6049,Azul,62996,63312,63627,63943,64258,64574,64889,65205,65520,65836,66666,67491,68309,69113,69904,70691,71461,72223,72971,73711,74433,75152,75861,76558,77237
152,10049,Capital,141260,143768,146276,148784,151292,153799,156307,158815,161323,163831,165785,167737,169680,171614,173538,175449,177347,179226,181080,182907,184704,186466,188188,189867,191498
153,14049,Ischilín,30105,30380,30655,30930,31205,31481,31756,32031,32306,32581,32876,33172,33468,33763,34055,34345,34633,34919,35200,35480,35753,36023,36288,36547,36802
154,18049,Esquina,30372,30513,30655,30796,30937,31079,31220,31361,31503,31644,32291,32942,33594,34246,34889,35527,36161,36785,37401,38003,38597,39168,39720,40269,40786
155,22049,General Belgrano,10470,10666,10863,11059,11256,11452,11649,11845,12042,12238,12286,12335,12383,12432,12481,12529,12577,12624,12671,12717,12762,12807,12850,12892,12934
156,26049,Gastre,1508,1502,1496,1490,1484,1478,1472,1466,1460,1454,1408,1380,1363,1326,1303,1294,1283,1263,1235,1209,1200,1181,1166,1135,1124
157,30049,Gualeguay,48147,48652,49157,49662,50167,50672,51177,51682,52187,52692,53039,53388,53735,54083,54430,54775,55119,55461,55800,56136,56467,56796,57119,57438,57751
158,34049,Pilcomayo,78114,79264,80415,81565,82715,83866,85016,86166,87317,88467,88968,89466,89962,90454,90940,91421,91895,92362,92819,93263,93696,94116,94522,94913,95288
159,38049,Rinconada,2298,2323,2348,2374,2399,2424,2449,2475,2500,2525,2461,2411,2353,2296,2235,2173,2116,2058,1997,1929,1866,1797,1722,1658,1590
160,42049,Chalileo,2517,2576,2636,2695,2754,2814,2873,2932,2992,3051,3036,3021,3006,2991,2975,2960,2945,2929,2914,2898,2883,2868,2852,2837,2821
161,46049,Famatina,6371,6336,6300,6265,6229,6194,6158,6123,6087,6052,6138,6215,6297,6383,6463,6522,6604,6683,6765,6845,6914,6984,7053,7118,7183
162,50049,Las Heras,182962,185720,188478,191237,193995,196753,199511,202270,205028,207786,210081,212364,214630,216874,219093,221286,223455,225597,227708,229786,231829,233839,235813,237750,239650
163,54049,General Manuel Belgrano,33488,34573,35658,36744,37829,38914,39999,41085,42170,43255,43449,43643,43834,44024,44211,44397,44580,44761,44939,45114,45286,45456,45622,45785,45945
164,58049,Huiliches,12700,12986,13272,13558,13844,14130,14416,14702,14988,15274,15778,16279,16773,17260,17737,18207,18667,19122,19568,20005,20432,20853,21265,21667,22063
165,62049,9 de Julio,3501,3506,3512,3517,3522,3528,3533,3538,3544,3549,3556,3569,3581,3593,3604,3616,3627,3638,3650,3660,3671,3682,3692,3702,3713
166,66049,General Güemes,42255,42915,43575,44235,44895,45554,46214,46874,47534,48194,48844,49494,50142,50786,51425,52060,52691,53317,53936,54547,55150,55746,56334,56914,57485
167,70049,Iglesia,6737,7017,7298,7578,7859,8139,8420,8700,8981,9261,9224,9187,9150,9114,9077,9040,9004,8968,8932,8896,8861,8826,8791,8756,8722
168,74049,Junín,20271,21308,22346,23383,24420,25458,26495,27532,28570,29607,30509,31410,32311,33211,34108,35004,35896,36786,37671,38549,39422,40289,41148,41997,42835
169,78049,Río Chico,2926,3176,3426,3676,3926,4175,4425,4675,4925,5175,5265,5356,5447,5539,5630,5721,5813,5904,5996,6088,6179,6271,6362,6454,6546
170,82049,General Obligado,166436,167919,169403,170886,172369,173853,175336,176819,178303,179786,181231,182693,184169,185654,187147,188642,190138,191631,193119,194600,196072,197533,198981,200418,201842
171,86049,Capital,244567,247250,249933,252616,255299,257981,260664,263347,266030,268713,273542,278426,283379,288367,293414,298470,303566,308665,313759,318823,323845,328824,333754,338601,343374
172,90049,La Cocha,17683,17890,18097,18304,18511,18719,18926,19133,19340,19547,19686,19826,19965,20105,20244,20383,20521,20659,20795,20930,21063,21196,21326,21455,21583
173,6056,Bahía Blanca,284776,286935,289094,291253,293412,295570,297729,299888,302047,304206,306914,309592,312249,314862,317440,319988,322496,324970,327413,329809,332174,334505,336804,339065,341300
174,10056,El Alto,3400,3430,3460,3491,3521,3551,3581,3612,3642,3672,3733,3793,3857,3916,3975,4032,4094,4150,4210,4266,4320,4375,4429,4483,4534
175,14056,Juárez Celman,55348,55996,56645,57293,57941,58590,59238,59886,60535,61183,61778,62376,62976,63576,64176,64775,65374,65969,66562,67152,67737,68317,68891,69459,70020
176,18056,General Alvear,8147,8148,8149,8151,8152,8153,8154,8156,8157,8158,8210,8315,8394,8473,8551,8657,8709,8788,8867,8945,8972,9051,9103,9129,9182
177,22056,General Donovan,13385,13436,13487,13537,13588,13639,13690,13740,13791,13842,13947,14050,14155,14260,14365,14469,14569,14672,14771,14870,14966,15061,15153,15242,15332
178,26056,Languiñeo,3017,3030,3042,3055,3067,3080,3092,3105,3117,3130,3199,3269,3328,3351,3351,3328,3304,3246,3188,3095,2990,2862,2733,2570,2407
179,30056,Gualeguaychú,101350,102438,103527,104615,105704,106792,107881,108969,110058,111146,112328,113512,114697,115881,117064,118243,119418,120589,121751,122904,124045,125176,126293,127395,128482
180,34056,Pirane,64023,64391,64758,65126,65493,65861,66228,66596,66963,67331,67795,68255,68715,69169,69620,70064,70504,70936,71358,71770,72170,72560,72936,73299,73646
181,38056,San Antonio,3698,3789,3880,3971,4062,4154,4245,4336,4427,4518,4689,4863,5039,5218,5399,5583,5768,5957,6146,6339,6533,6729,6925,7122,7324
182,42056,Chapaleufú,10787,10912,11037,11163,11288,11413,11538,11664,11789,11914,11946,11978,12010,12042,12073,12103,12133,12163,12193,12221,12249,12277,12303,12329,12354
183,46056,General Angel V. Peñaloza,3127,3131,3136,3140,3145,3149,3154,3158,3163,3167,3168,3169,3171,3172,3174,3175,3176,3178,3179,3181,3181,3184,3185,3186,3188
184,50056,Lavalle,32129,32720,33310,33901,34492,35082,35673,36264,36854,37445,38294,39139,39978,40808,41630,42442,43244,44036,44818,45586,46342,47086,47816,48534,49236
185,54056,Guaraní,57818,59014,60211,61407,62603,63800,64996,66192,67389,68585,69336,70081,70821,71553,72275,72989,73697,74394,75082,75757,76421,77075,77717,78346,78963
186,58056,Lacar,24670,25353,26036,26720,27403,28086,28769,29453,30136,30819,31562,32306,33048,33787,34524,35255,35985,36710,37431,38148,38859,39567,40270,40969,41664
187,62056,Ñorquinco,2079,2046,2013,1980,1947,1914,1881,1848,1815,1782,1742,1720,1684,1651,1623,1598,1573,1548,1523,1499,1476,1452,1434,1411,1390
188,66056,General José de San Martín,139204,141525,143846,146167,148488,150809,153130,155451,157772,160093,161589,163082,164570,166050,167519,168977,170427,171866,173288,174691,176078,177448,178800,180132,181444
189,70056,Jáchal,21018,21155,21292,21430,21567,21704,21841,21979,22116,22253,22506,22762,23018,23272,23524,23778,24030,24281,24532,24778,25024,25269,25509,25748,25985
190,74056,La Capital,168771,173288,177805,182323,186840,191357,195874,200392,204909,209426,213759,218091,222423,226746,231062,235364,239660,243933,248186,252415,256610,260769,264891,268973,273008
191,82056,Iriondo,65486,65771,66056,66342,66627,66912,67197,67483,67768,68053,68531,69014,69500,69984,70467,70944,71416,71879,72336,72780,73213,73636,74044,74440,74823
192,86056,Copo,26984,27873,28761,29650,30539,31427,32316,33205,34093,34982,35035,35090,35145,35201,35257,35314,35371,35428,35484,35541,35597,35653,35708,35762,35815
193,90056,Leales,51090,51697,52305,52912,53520,54127,54735,55342,55950,56557,57385,58214,59046,59875,60702,61526,62346,63163,63973,64774,65566,66352,67128,67895,68649
194,6063,Balcarce,42039,42278,42517,42756,42995,43234,43473,43712,43951,44190,44577,44959,45339,45713,46079,46444,46799,47155,47503,47844,48180,48516,48844,49165,49484
195,10063,Fray Mamerto Esquiú,10658,10830,11003,11175,11347,11520,11692,11864,12037,12209,12417,12625,12833,13039,13245,13448,13651,13851,14049,14245,14435,14624,14806,14986,15161
196,14063,Marcos Juárez,99761,100431,101100,101770,102439,103109,103778,104448,105117,105787,105920,106053,106186,106316,106445,106573,106698,106821,106941,107059,107174,107286,107394,107499,107600
197,18063,General Paz,14775,14828,14881,14934,14987,15039,15092,15145,15198,15251,15400,15556,15709,15859,16011,16164,16314,16457,16604,16744,16881,17016,17150,17277,17399
198,22063,General Güemes,62227,62945,63663,64382,65100,65818,66536,67255,67973,68691,68668,68646,68623,68601,68578,68556,68534,68512,68491,68470,68449,68429,68409,68389,68370
199,26063,Martires,977,957,936,916,896,875,855,835,814,794,786,780,775,771,767,764,760,757,755,750,747,744,741,739,737
200,30063,Islas del Ibicuy,11498,11584,11670,11756,11842,11929,12015,12101,12187,12273,12421,12568,12715,12863,13007,13152,13295,13437,13577,13716,13850,13984,14114,14243,14366
201,34063,Ramón Lista,10928,11299,11670,12041,12412,12782,13153,13524,13895,14266,14569,14870,15169,15466,15760,16050,16338,16619,16895,17164,17425,17678,17923,18159,18385
202,38063,San Pedro,71037,71622,72207,72791,73376,73961,74546,75130,75715,76300,77423,78538,79634,80710,81760,82782,83776,84741,85672,86563,87418,88237,89014,89751,90445
203,42063,Chical Có,1595,1590,1584,1579,1574,1568,1563,1558,1552,1547,1536,1528,1517,1504,1506,1501,1493,1485,1474,1471,1469,1461,1458,1455,1452
204,46063,General Belgrano,7161,7208,7255,7302,7349,7396,7443,7490,7537,7584,7586,7589,7591,7594,7596,7599,7601,7604,7607,7609,7612,7615,7617,7620,7622
205,50063,Luján de Cuyo,104470,106439,108407,110376,112344,114313,116281,118250,120218,122187,126565,130920,135242,139524,143755,147939,152075,156162,160189,164150,168048,171883,175647,179341,182965
206,54063,Iguazú,66539,68363,70186,72010,73834,75657,77481,79305,81128,82952,84448,85930,87401,88856,90293,91712,93119,94507,95874,97218,98538,99838,101115,102366,103593
207,58063,Loncopué,6457,6539,6621,6703,6785,6868,6950,7032,7114,7196,7246,7295,7343,7388,7432,7475,7516,7554,7592,7628,7662,7696,7727,7757,7786
208,62063,Pichi Mahuída,14026,14064,14102,14140,14178,14216,14254,14292,14330,14368,14540,14713,14911,15084,15257,15455,15628,15801,15974,16171,16344,16493,16665,16838,17011
209,66063,Guachipas,3211,3217,3223,3229,3235,3240,3246,3252,3258,3264,3279,3303,3318,3334,3357,3381,3397,3412,3436,3451,3467,3491,3506,3522,3537
210,70063,9 de julio,7652,7855,8059,8262,8465,8669,8872,9075,9279,9482,9735,9990,10247,10501,10753,11007,11260,11512,11761,12009,12254,12498,12739,12977,13214
211,74063,Libertador General San Martín,5189,5153,5117,5081,5045,5008,4972,4936,4900,4864,4849,4834,4819,4805,4790,4776,4761,4747,4733,4719,4704,4691,4677,4663,4649
212,82063,La Capital,489505,494607,499709,504811,509913,515015,520117,525219,530321,535423,538143,540892,543661,546441,549224,552003,554772,557525,560254,562955,565624,568259,570856,573416,575938
213,86063,Choya,33720,33472,33223,32975,32726,32478,32229,31981,31732,31484,32463,33457,34462,35478,36498,37528,38562,39596,40631,41659,42679,43692,44692,45679,46648
214,90063,Lules,57235,58673,60111,61550,62988,64426,65864,67303,68741,70179,72147,74120,76096,78068,80033,81993,83943,85883,87807,89712,91597,93464,95309,97130,98927
215,6070,Baradero,29562,29941,30319,30698,31076,31455,31833,32212,32590,32969,33527,34079,34628,35168,35699,36225,36743,37254,37757,38253,38741,39223,39696,40164,40623
216,10070,La Paz,21061,21306,21550,21795,22039,22284,22528,22773,23017,23262,23528,23792,24057,24321,24582,24842,25100,25357,25609,25857,26101,26341,26575,26802,27024
217,14070,Minas,4881,4887,4893,4898,4904,4910,4916,4921,4927,4933,4924,4915,4907,4899,4891,4885,4878,4872,4867,4862,4858,4855,4851,4849,4848
218,18070,Goya,87349,87904,88459,89015,89570,90125,90680,91236,91791,92346,93544,94744,95944,97141,98331,99511,100681,101838,102972,104082,105164,106223,107251,108249,109213
219,22070,Independencia,20620,20876,21132,21389,21645,21901,22157,22414,22670,22926,22842,22758,22674,22590,22507,22424,22342,22260,22180,22101,22023,21948,21873,21800,21729
220,26070,Paso de los Indios,1905,1904,1903,1902,1901,1901,1900,1899,1898,1897,1896,1895,1894,1893,1892,1891,1890,1888,1887,1885,1883,1882,1880,1877,1876
221,30070,La Paz,66158,66372,66586,66799,67013,67227,67441,67654,67868,68082,68620,69546,70187,70816,71432,72032,72619,73188,73740,74272,74782,75271,75737,76180,76598
222,38070,Santa Bárbara,17115,17218,17321,17424,17527,17629,17732,17835,17938,18041,18281,18520,18751,18976,19197,19408,19613,19808,19996,20173,20338,20497,20643,20780,20902
223,42070,Guatraché,9306,9282,9258,9233,9209,9185,9161,9136,9112,9088,9102,9117,9135,9155,9177,9202,9230,9258,9289,9323,9359,9397,9437,9480,9524
224,46070,General Juan F.Quiroga,4546,4513,4479,4446,4412,4379,4345,4312,4278,4245,4224,4204,4184,4164,4143,4123,4106,4087,4068,4050,4031,4013,3997,3982,3966
225,50070,Maipú,153600,156064,158528,160992,163456,165921,168385,170849,173313,175777,179576,183353,187102,190815,194487,198117,201706,205250,208743,212180,215561,218887,222155,225358,228501
226,54070,Leandro N. Alem,41670,42108,42546,42984,43422,43860,44298,44736,45174,45612,45947,46279,46608,46933,47255,47573,47887,48198,48504,48805,49100,49391,49677,49957,50232
227,58070,Los Lagos,8654,9058,9463,9867,10271,10676,11080,11484,11889,12293,12528,12769,13016,13268,13527,13791,14061,14338,14619,14908,15201,15502,15808,16121,16441
228,62070,Pilnaniyeu,6114,6271,6428,6585,6742,6898,7055,7212,7369,7526,7680,7833,7986,8138,8289,8439,8587,8735,8881,9025,9168,9309,9449,9585,9721
229,66070,Iruya,6368,6342,6317,6291,6266,6240,6215,6189,6164,6138,6136,6134,6132,6130,6128,6126,6124,6123,6121,6119,6117,6116,6114,6112,6110
230,70070,Pocito,40969,42424,43878,45333,46787,48242,49696,51151,52605,54060,55648,57238,58829,60417,62001,63581,65155,66724,68282,69826,71359,72879,74384,75875,77348
231,82070,Las Colonias,95202,96495,97788,99081,100374,101666,102959,104252,105545,106838,107464,108100,108743,109393,110049,110710,111376,112044,112714,113385,114058,114730,115402,116074,116745
232,86070,Figueroa,17495,17551,17607,17663,17719,17774,17830,17886,17942,17998,18181,18365,18548,18735,18922,19116,19303,19494,19684,19871,20058,20246,20429,20613,20789
233,90070,Monteros,58442,59218,59994,60771,61547,62323,63099,63876,64652,65428,66446,67466,68488,69507,70524,71537,72545,73549,74544,75528,76503,77469,78423,79364,80294
234,6077,Bartolomé Mitre,27279,27498,27717,27937,28156,28375,28594,28814,29033,29252,29506,29755,30002,30246,30486,30723,30957,31188,31414,31638,31859,32077,32290,32501,32709
235,10077,Paclin,4290,4293,4295,4298,4301,4303,4306,4309,4311,4314,4314,4356,4398,4441,4483,4483,4526,4568,4611,4611,4696,4696,4738,4780,4823
236,14077,Pocho,5132,5166,5199,5233,5266,5300,5333,5367,5400,5434,5399,5365,5332,5300,5267,5236,5206,5177,5149,5120,5095,5070,5046,5023,5002
237,18077,Itatí,8774,8845,8915,8986,9056,9127,9197,9268,9338,9409,9629,9849,10067,10285,10505,10720,10935,11145,11352,11556,11755,11946,12136,12316,12494
238,22077,Libertad,10822,10999,11177,11354,11532,11709,11887,12064,12242,12419,12534,12650,12767,12883,12999,13113,13228,13341,13453,13562,13669,13775,13878,13979,14078
239,26077,Rawson,115829,117720,119611,121502,123393,125285,127176,129067,130958,132849,134114,135334,136504,137617,138671,139669,140605,141486,142304,143071,143775,144420,145013,145553,146038
240,30077,Nogoya,38840,38938,39036,39134,39232,39329,39427,39525,39623,39721,40038,40353,40662,40960,41250,41529,41799,42056,42302,42532,42751,42954,43140,43311,43467
241,38077,Santa Catalina,3140,3109,3078,3047,3016,2985,2954,2923,2892,2861,2844,2826,2806,2787,2768,2752,2732,2713,2692,2673,2656,2641,2623,2603,2582
242,42077,Hucal,7838,7830,7822,7815,7807,7799,7791,7784,7776,7768,7763,7758,7753,7748,7744,7740,7735,7731,7726,7721,7716,7713,7708,7704,7699
243,46077,General Lamadrid,1717,1725,1732,1740,1748,1755,1763,1771,1778,1786,1792,1801,1809,1818,1826,1834,1843,1851,1859,1869,1876,1885,1894,1901,1910
244,50077,Malargüe,23020,23590,24160,24730,25300,25871,26441,27011,27581,28151,28542,28931,29318,29701,30079,30453,30824,31189,31549,31903,32253,32596,32932,33263,33586
245,54077,Libertador General San Martín,42440,42958,43476,43994,44512,45030,45548,46066,46584,47102,47550,47994,48437,48873,49303,49729,50151,50566,50977,51379,51776,52166,52547,52923,53291
246,58077,Minas,7072,7133,7194,7255,7316,7376,7437,7498,7559,7620,7771,7922,8069,8212,8354,8488,8630,8759,8893,9022,9146,9267,9387,9507,9627
247,62077,San Antonio,23972,24605,25238,25871,26504,27136,27769,28402,29035,29668,30178,30688,31195,31700,32201,32698,33192,33680,34087,34554,35015,35473,36046,36501,36951
248,66077,La Caldera,5711,5953,6195,6437,6679,6920,7162,7404,7646,7888,8263,8639,9012,9384,9751,10117,10482,10843,11201,11553,11901,12246,12584,12919,13248
249,70077,Rawson,107740,108770,109799,110829,111859,112888,113918,114948,115977,117007,118659,120312,121968,123620,125268,126909,128548,130180,131801,133407,135000,136582,138150,139699,141232
250,82077,9 de Julio,28273,28510,28748,28985,29223,29460,29698,29935,30173,30410,30453,30497,30541,30586,30631,30676,30721,30765,30810,30854,30898,30942,30985,31027,31070
251,86077,General Taboada,36683,36876,37070,37263,37457,37650,37844,38037,38231,38424,39056,39701,40349,41006,41664,42331,42997,43664,44328,44992,45649,46304,46945,47581,48207
252,90077,Río Chico,52925,53541,54157,54772,55388,56004,56620,57235,57851,58467,59013,59560,60108,60656,61201,61744,62286,62823,63357,63886,64409,64927,65439,65944,66443
253,6084,Benito Juárez,19443,19553,19662,19772,19881,19991,20100,20210,20319,20429,20497,20559,20627,20695,20757,20825,20887,20949,21011,21067,21129,21185,21246,21302,21358
254,10084,Poman,9543,9711,9880,10048,10216,10385,10553,10721,10890,11058,11158,11259,11358,11457,11556,11654,11751,11848,11943,12036,12128,12219,12307,12393,12477
255,14084,Presidente Roque Sáenz Peña,34647,34901,35156,35410,35664,35919,36173,36427,36682,36936,36990,37044,37098,37151,37204,37256,37307,37358,37408,37456,37504,37551,37596,37640,37683
256,18084,Ituzaingó,30565,30725,30884,31044,31203,31363,31522,31682,31841,32001,32583,33166,33755,34337,34916,35492,36064,36630,37184,37722,38253,38767,39270,39756,40228
257,22084,Libertador General San Martín,54470,55140,55810,56480,57150,57819,58489,59159,59829,60499,60909,61321,61732,62144,62554,62961,63366,63766,64161,64549,64929,65304,65669,66027,66376
258,26084,Río Senguer,6194,6181,6167,6154,6140,6127,6113,6100,6086,6073,6059,6101,6127,6148,6178,6204,6216,6228,6275,6303,6327,6347,6365,6382,6395
259,30084,Paraná,319614,322482,325350,328219,331087,333955,336823,339692,342560,345428,349191,352944,356683,360404,364091,367748,371373,374951,378487,381953,385369,388716,391994,395194,398323
260,38084,Susques,3628,3653,3679,3704,3729,3755,3780,3805,3831,3856,3866,3876,3886,3896,3906,3915,3924,3933,3942,3950,3958,3966,3973,3980,3987
261,42084,Lihuel Calel,547,537,527,517,507,497,487,477,467,457,453,450,447,444,442,440,437,435,433,431,429,428,426,424,423
262,46084,General Ocampo,7331,7335,7339,7343,7347,7351,7355,7359,7363,7367,7365,7363,7362,7360,7358,7357,7355,7353,7351,7350,7348,7347,7345,7343,7342
263,50084,Rivadavia,52567,53123,53678,54234,54789,55345,55900,56456,57011,57567,58096,58625,59149,59667,60180,60687,61188,61683,62171,62651,63124,63589,64045,64492,64932
264,54084,Montecarlo,34073,34419,34765,35111,35457,35803,36149,36495,36841,37187,37313,37440,37564,37688,37810,37930,38050,38167,38283,38397,38509,38620,38728,38834,38937
265,58084,Ñorquín,4628,4741,4855,4968,5082,5195,5309,5422,5536,5649,5641,5634,5626,5619,5613,5606,5600,5594,5588,5582,5577,5572,5566,5562,5557
266,62084,Valcheta,4946,5182,5417,5653,5889,6124,6360,6596,6831,7067,6761,6444,6202,5961,5739,5520,5353,5205,4978,4722,4500,4300,4092,3896,3769
267,66084,La Candelaria,5286,5346,5406,5467,5527,5587,5647,5708,5768,5828,5942,6059,6176,6290,6407,6520,6631,6744,6855,6965,7072,7182,7285,7391,7491
268,70084,Rivadavia,76150,77078,78007,78935,79863,80792,81720,82648,83577,84505,85926,87347,88769,90191,91607,93019,94429,95830,97222,98605,99974,101334,102681,104014,105331
269,82084,Rosario,1121441,1132191,1142941,1153690,1164440,1175190,1185940,1196689,1207439,1218189,1228458,1238844,1249261,1259668,1270015,1280263,1290386,1300341,1310095,1319628,1328921,1337958,1346724,1355231,1363463
270,86084,Guasayán,7404,7434,7464,7493,7523,7553,7583,7612,7642,7672,7801,7930,8060,8193,8323,8452,8590,8724,8854,8987,9121,9251,9380,9505,9630
271,90084,Capital,527607,531786,535966,540145,544324,548504,552683,556862,561042,565221,567086,568958,570828,572699,574562,576418,578267,580105,581926,583732,585519,587289,589036,590762,592463
272,30088,San Salvador,16118,16285,16452,16619,16786,16954,17121,17288,17455,17622,17886,18152,18418,18683,18950,19216,19482,19747,20009,20270,20529,20786,21040,21292,21539
273,6091,Berazategui,287913,292157,296401,300645,304889,309133,313377,317621,321865,326109,328979,331859,334744,337523,340261,342961,345626,348253,350842,353425,355851,358328,360767,363171,365607
274,10091,Santa María,22127,22246,22365,22485,22604,22723,22842,22962,23081,23200,23512,23824,24133,24442,24754,25059,25360,25662,25960,26251,26538,26822,27098,27367,27629
275,14091,Punilla,155124,157714,160305,162895,165486,168076,170667,173257,175848,178438,181718,185035,188384,191764,195169,198598,202047,205515,208996,212488,215987,219494,223002,226507,230007
276,18091,Lavalle,26250,26606,26963,27319,27676,28032,28389,28745,29102,29458,30401,31349,32295,33238,34178,35110,36036,36946,37840,38717,39573,40406,41220,42005,42766
277,22091,Maipú,24747,24881,25014,25148,25282,25415,25549,25683,25816,25950,25984,26022,26059,26096,26133,26168,26202,26236,26267,26297,26326,26354,26379,26403,26425
278,26091,Sarmiento,8724,9028,9332,9636,9940,10243,10547,10851,11155,11459,11699,11941,12186,12434,12683,12934,13188,13442,13699,13957,14216,14477,14738,15003,15267
279,30091,Tala,25892,25919,25947,25974,26002,26029,26057,26084,26112,26139,26713,27287,27836,28340,28819,29272,29681,30055,30377,30664,30899,31091,31230,31325,31360
280,42091,Limay Mahuida,475,480,484,489,493,498,502,507,511,516,509,500,491,481,474,465,456,447,438,430,421,413,404,395,386
281,46091,General San Martín,4956,4971,4986,5001,5016,5032,5047,5062,5077,5092,5086,5080,5073,5067,5061,5054,5048,5042,5035,5029,5024,5017,5011,5005,4999
282,50091,San Carlos,28341,28886,29432,29977,30523,31068,31614,32159,32705,33250,33822,34393,34958,35518,36072,36619,37161,37694,38222,38740,39251,39752,40244,40728,41202
283,54091,Oberá,95667,97113,98559,100005,101451,102897,104343,105789,107235,108681,109746,110802,111849,112885,113907,114918,115920,116908,117882,118838,119778,120703,121612,122504,123376
284,58091,Pehuenches,13765,14856,15948,17039,18130,19222,20313,21404,22496,23587,24109,24631,25152,25673,26190,26706,27218,27727,28233,28733,29229,29721,30207,30688,31164
285,62091,25 de Mayo,13153,13466,13779,14092,14405,14719,15032,15345,15658,15971,16021,16071,16121,16171,16221,16270,16318,16367,16414,16462,16508,16555,16600,16645,16689
286,66091,La Poma,1735,1740,1745,1750,1755,1759,1764,1769,1774,1779,1779,1780,1781,1781,1783,1784,1783,1784,1786,1787,1787,1789,1790,1790,1790
287,70091,San Martín,10140,10276,10411,10547,10682,10818,10953,11089,11224,11360,11670,11982,12292,12603,12913,13221,13527,13835,14141,14441,14741,15037,15332,15623,15911
288,82091,San Cristobal,64935,65522,66109,66695,67282,67869,68456,69042,69629,70216,70411,70608,70807,71007,71208,71408,71609,71808,72007,72204,72399,72593,72784,72973,73160
289,86091,Jiménez,13170,13310,13451,13591,13732,13872,14013,14153,14294,14434,14770,15113,15459,15808,16157,16508,16865,17219,17574,17925,18276,18622,18967,19306,19638
290,90091,Simoca,29932,30141,30350,30558,30767,30976,31185,31393,31602,31811,32244,32679,33116,33551,33984,34416,34848,35274,35698,36119,36536,36946,37354,37755,38153
291,38094,Tilcara,10403,10636,10869,11102,11335,11567,11800,12033,12266,12499,12666,12835,13006,13180,13354,13531,13710,13890,14071,14253,14436,14621,14806,14991,15178
292,6098,Berisso,80092,81090,82087,83085,84082,85080,86077,87075,88072,89070,90107,91134,92151,93154,94143,95118,96081,97029,97966,98884,99791,100685,101565,102434,103289
293,10098,Santa Rosa,10349,10570,10792,11013,11235,11456,11678,11899,12121,12342,12426,12510,12594,12677,12760,12842,12924,13004,13085,13164,13241,13317,13390,13463,13533
294,14098,Río Cuarto,229728,232177,234626,237075,239524,241974,244423,246872,249321,251770,254054,256334,258604,260860,263098,265314,267506,269671,271803,273901,275960,277979,279954,281881,283760
295,18098,Mburucuyá,9012,9066,9121,9175,9229,9284,9338,9392,9447,9501,9676,9851,10026,10205,10377,10552,10725,10894,11060,11223,11383,11541,11692,11837,11979
296,22098,Mayor Luis J. Fontana,53550,53873,54196,54519,54842,55166,55489,55812,56135,56458,56744,57030,57316,57602,57887,58171,58451,58729,59004,59273,59538,59798,60052,60300,60544
297,26098,Tehuelches,5159,5193,5227,5262,5296,5330,5364,5399,5433,5467,5780,6057,6279,6463,6574,6630,6648,6611,6500,6371,6187,5947,5688,5356,4987
298,30098,Uruguay,94070,94986,95902,96818,97734,98651,99567,100483,101399,102315,103441,104566,105692,106814,107932,109044,110150,111247,112334,113408,114469,115516,116547,117560,118554
299,38098,Tumbaya,4553,4574,4595,4616,4637,4657,4678,4699,4720,4741,4798,4855,4912,4964,5017,5064,5112,5155,5195,5233,5267,5298,5326,5350,5369
300,42098,Loventué,8649,8672,8695,8717,8740,8763,8786,8808,8831,8854,8899,8942,8985,9023,9060,9094,9126,9155,9182,9204,9225,9243,9258,9270,9279
301,46098,Vinchina,2834,2832,2830,2828,2826,2824,2822,2820,2818,2816,2806,2796,2787,2777,2767,2758,2746,2737,2727,2718,2706,2695,2681,2671,2662
302,50098,San Martín,108448,109806,111163,112521,113879,115236,116594,117952,119309,120667,122318,123960,125589,127204,128800,130377,131937,133477,134995,136489,137959,139406,140825,142219,143583
303,54098,San Ignacio,55038,55419,55799,56180,56560,56941,57321,57702,58082,58463,58881,59296,59708,60116,60519,60917,61310,61701,62084,62460,62830,63194,63552,63902,64246
304,58098,Picún Leufú,4272,4326,4380,4434,4488,4541,4595,4649,4703,4757,4786,4816,4846,4875,4903,4931,4958,4985,5012,5037,5062,5087,5111,5135,5158
305,66098,La Viña,7152,7202,7252,7302,7352,7402,7452,7502,7552,7602,7713,7824,7934,8045,8152,8259,8366,8473,8580,8685,8785,8888,8988,9088,9184
306,70098,Santa Lucía,43565,44184,44804,45423,46042,46662,47281,47900,48520,49139,50283,51429,52575,53719,54859,55998,57133,58262,59386,60497,61602,62697,63782,64854,65917
307,82098,San Javier,29912,30097,30283,30468,30654,30839,31025,31210,31396,31581,31714,31850,31985,32122,32258,32393,32528,32662,32794,32925,33053,33180,33304,33426,33546
308,86098,Juan F. Ibarra,16937,17075,17212,17350,17488,17625,17763,17901,18038,18176,18368,18562,18759,18959,19160,19360,19562,19767,19969,20168,20369,20567,20762,20956,21145
309,90098,Tafí del Valle,13883,14047,14212,14376,14541,14705,14870,15034,15199,15363,15955,16549,17147,17739,18331,18923,19509,20096,20677,21253,21820,22382,22938,23488,24031
310,6105,Bolívar,32442,32667,32892,33117,33342,33568,33793,34018,34243,34468,34710,34951,35190,35425,35659,35887,36113,36334,36555,36771,36985,37194,37399,37605,37804
311,10105,Tinogasta,22570,22621,22672,22723,22774,22826,22877,22928,22979,23030,23223,23417,23605,23799,23979,24173,24353,24547,24727,24907,25080,25254,25420,25586,25738
312,14105,Río Primero,42429,42940,43451,43962,44473,44985,45496,46007,46518,47029,47956,48887,49823,50760,51697,52633,53568,54502,55431,56353,57270,58181,59085,59977,60860
313,18105,Mercedes,39206,39488,39769,40051,40333,40614,40896,41178,41459,41741,42438,43135,43831,44528,45219,45905,46587,47257,47917,48562,49190,49807,50403,50983,51543
314,22105,9 de Julio,26955,27208,27462,27715,27969,28222,28476,28729,28983,29236,29320,29404,29489,29574,29658,29741,29824,29907,29988,30068,30146,30223,30297,30371,30443
315,26105,Telsen,1788,1776,1763,1751,1739,1726,1714,1702,1689,1677,1667,1662,1655,1648,1641,1634,1630,1624,1622,1615,1610,1608,1603,1598,1593
316,30105,Victoria,34097,34347,34597,34847,35097,35347,35597,35847,36097,36347,36689,37032,37374,37714,38051,38384,38715,39043,39365,39683,39994,40301,40599,40893,41178
317,38105,Valle Grande,2386,2398,2410,2422,2434,2447,2459,2471,2483,2495,2494,2494,2493,2493,2492,2492,2491,2491,2490,2490,2490,2490,2489,2489,2489
318,42105,Maracó,54699,55341,55983,56625,57267,57909,58551,59193,59835,60477,61236,61990,62740,63482,64218,64940,65655,66361,67059,67739,68408,69067,69712,70346,70966
319,46105,Independencia,2405,2415,2426,2436,2446,2457,2467,2477,2488,2498,2490,2483,2475,2466,2457,2449,2441,2432,2425,2414,2406,2399,2389,2381,2372
320,50105,San Rafael,173571,175612,177654,179695,181736,183778,185819,187860,189902,191943,193816,195679,197528,199360,201170,202960,204730,206479,208202,209897,211564,213204,214816,216396,217946
321,54105,San Javier,19187,19406,19624,19843,20062,20280,20499,20718,20936,21155,21326,21494,21662,21828,21991,22154,22314,22472,22628,22781,22932,23080,23225,23368,23508
322,58105,Picunches,6427,6523,6620,6716,6812,6909,7005,7101,7198,7294,7415,7530,7641,7750,7854,7954,8051,8143,8230,8314,8394,8471,8543,8611,8676
323,66105,Los Andes,5630,5691,5752,5814,5875,5936,5997,6059,6120,6181,6267,6353,6440,6525,6608,6693,6776,6859,6941,7022,7103,7182,7260,7337,7412
324,70105,Sarmiento,19092,19480,19868,20256,20644,21032,21420,21808,22196,22584,22972,23362,23750,24139,24526,24912,25298,25682,26063,26440,26816,27188,27556,27920,28281
325,82105,San Jerónimo,77253,77828,78404,78979,79555,80130,80706,81281,81857,82432,82612,82795,82979,83163,83348,83533,83718,83901,84083,84263,84441,84617,84790,84961,85130
326,86105,Loreto,17442,17736,18030,18323,18617,18911,19205,19498,19792,20086,20405,20726,21053,21383,21714,22048,22383,22718,23054,23387,23719,24047,24371,24690,25005
327,90105,Tafí Viejo,108017,109891,111766,113640,115514,117389,119263,121137,123012,124886,128944,133012,137081,141148,145198,149234,153254,157251,161217,165143,169029,172877,176678,180432,184133
328,6112,Bragado,40259,40420,40581,40743,40904,41065,41226,41388,41549,41710,42115,42511,42907,43303,43691,44069,44439,44809,45170,45531,45883,46227,46570,46913,47239
329,10112,Valle Viejo,23707,24176,24646,25115,25585,26054,26524,26993,27463,27932,28452,28971,29488,30002,30514,31022,31526,32026,32519,33005,33482,33951,34408,34854,35290
330,14112,Río Seco,12635,12762,12889,13016,13143,13271,13398,13525,13652,13779,13905,14032,14159,14286,14412,14538,14663,14788,14911,15034,15155,15275,15393,15510,15625
331,18112,Monte Caseros,33684,34079,34473,34868,35263,35657,36052,36447,36841,37236,37956,38680,39404,40125,40842,41553,42260,42957,43642,44311,44963,45602,46221,46821,47402
332,22112,O'Higgins,19231,19388,19545,19701,19858,20015,20172,20328,20485,20642,20718,20796,20873,20951,21028,21104,21180,21255,21329,21402,21473,21544,21612,21679,21745
333,38112,Yaví,18160,18486,18811,19137,19463,19788,20114,20440,20765,21091,21482,21875,22271,22668,23065,23463,23861,24258,24654,25048,25440,25831,26218,26603,26984
334,42112,Puelén,7757,7969,8181,8393,8605,8816,9028,9240,9452,9664,9818,9972,10130,10288,10450,10614,10779,10947,11116,11288,11461,11636,11812,11990,12170
335,46112,Rosario Vera Peñaloza,13299,13427,13556,13684,13812,13941,14069,14197,14326,14454,14559,14666,14773,14883,14992,15103,15213,15324,15435,15545,15655,15764,15871,15978,16083
336,50112,Santa Rosa,15818,15921,16024,16127,16230,16332,16435,16538,16641,16744,16976,17207,17435,17664,17890,18112,18329,18546,18761,18970,19176,19379,19578,19776,19967
337,54112,San Pedro,23736,24576,25416,26255,27095,27935,28775,29614,30454,31294,31595,31893,32188,32481,32770,33056,33338,33617,33892,34162,34428,34690,34947,35198,35444
338,58112,Zapala,35806,36052,36298,36544,36790,37035,37281,37527,37773,38019,38675,39331,39985,40634,41274,41909,42538,43159,43770,44367,44959,45540,46112,46674,47228
339,66112,Metán,39006,39256,39507,39757,40007,40258,40508,40758,41009,41259,41841,42425,43005,43582,44153,44723,45289,45850,46404,46952,47492,48028,48554,49073,49584
340,70112,Ullum,4490,4546,4602,4658,4714,4771,4827,4883,4939,4995,5118,5240,5365,5489,5611,5732,5854,5975,6095,6216,6334,6454,6569,6685,6798
341,82112,San Justo,40379,40532,40685,40838,40991,41143,41296,41449,41602,41755,42164,42575,42990,43403,43812,44218,44619,45011,45396,45772,46134,46486,46828,47159,47475
342,86112,Mitre,1813,1823,1834,1844,1854,1865,1875,1885,1896,1906,1867,1828,1792,1753,1715,1676,1634,1595,1556,1517,1478,1440,1401,1362,1329
343,90112,Trancas,15473,15736,16000,16263,16527,16790,17054,17317,17581,17844,18317,18790,19265,19739,20211,20681,21150,21617,22079,22535,22989,23438,23881,24319,24750
344,30113,Villaguay,48416,48574,48732,48890,49048,49206,49364,49522,49680,49838,50207,50996,51479,51955,52420,52872,53312,53739,54149,54545,54922,55284,55627,55951,56258
345,6119,Brandsen,22515,22956,23396,23837,24277,24718,25158,25599,26039,26480,27004,27523,28037,28544,29043,29536,30023,30502,30975,31440,31897,32350,32794,33233,33665
346,14119,Río Segundo,95803,96710,97617,98524,99431,100338,101245,102152,103059,103966,104766,105566,106367,107164,107957,108746,109527,110303,111070,111827,112574,113311,114035,114745,115440
347,18119,Paso de los Libres,46326,46724,47122,47521,47919,48317,48715,49114,49512,49910,50501,51095,51690,52282,52871,53454,54033,54606,55168,55717,56254,56778,57286,57779,58257
348,22119,Presidencia de la Plaza,12231,12296,12361,12426,12491,12556,12621,12686,12751,12816,12912,13009,13104,13202,13297,13393,13486,13580,13671,13762,13851,13938,14024,14107,14190
349,42119,Quemú Quemú,8756,8772,8789,8805,8821,8838,8854,8870,8887,8903,8836,8766,8705,8649,8601,8556,8513,8478,8452,8430,8412,8404,8395,8398,8406
350,46119,San Blas de los Sauces,4048,4048,4048,4048,4048,4049,4049,4049,4049,4049,4068,4088,4110,4131,4153,4174,4197,4218,4241,4263,4284,4306,4327,4347,4367
351,50119,Tunuyán,42125,43041,43957,44873,45789,46705,47621,48537,49453,50369,51215,52056,52892,53719,54537,55345,56145,56934,57712,58478,59231,59972,60700,61414,62115
352,54119,25 de Mayo,27187,27292,27397,27502,27607,27711,27816,27921,28026,28131,28376,28615,28854,29090,29326,29557,29784,30008,30233,30448,30664,30877,31083,31287,31485
353,66119,Molinos,5565,5589,5613,5638,5662,5686,5710,5735,5759,5783,5785,5787,5789,5791,5793,5795,5797,5799,5801,5804,5805,5808,5809,5811,5813
354,70119,Valle Fértil,6864,6923,6981,7040,7099,7157,7216,7275,7333,7392,7478,7567,7653,7742,7827,7915,8002,8087,8174,8258,8342,8425,8508,8590,8671
355,82119,San Lorenzo,142097,144092,146088,148083,150079,152074,154070,156065,158061,160056,162728,165432,168174,170948,173749,176572,179413,182272,185141,188017,190900,193786,196674,199563,202453
356,86119,Moreno,28053,28517,28981,29445,29909,30372,30836,31300,31764,32228,32881,33542,34211,34888,35566,36252,36939,37628,38315,39000,39678,40352,41017,41673,42318
357,90119,Yerba Buena,63707,65181,66656,68130,69604,71079,72553,74027,75502,76976,79142,81313,83485,85654,87818,89970,92117,94251,96366,98462,100536,102589,104619,106623,108598
358,6126,Campana,83698,84958,86219,87479,88739,90000,91260,92520,93781,95041,96196,97340,98471,99589,100690,101776,102848,103904,104945,105971,106979,107976,108956,109922,110875
359,14126,San Alberto,32395,32909,33423,33937,34451,34965,35479,35993,36507,37021,37423,37829,38239,38652,39069,39487,39908,40330,40754,41178,41604,42029,42453,42878,43302
360,18126,Saladas,21470,21621,21772,21924,22075,22226,22377,22529,22680,22831,23375,23919,24467,25005,25546,26084,26612,27137,27652,28154,28646,29126,29592,30045,30485
361,22126,1°  de Mayo,9131,9288,9445,9601,9758,9915,10072,10228,10385,10542,10860,11178,11497,11815,12133,12448,12762,13073,13379,13679,13975,14265,14548,14824,15096
362,42126,Rancul,10648,10683,10719,10754,10789,10825,10860,10895,10931,10966,10986,11007,11026,11042,11055,11067,11076,11084,11090,11092,11092,11090,11085,11078,11069
363,46126,Sanagasta,2165,2192,2220,2247,2274,2302,2329,2356,2384,2411,2456,2504,2552,2600,2649,2699,2749,2797,2846,2896,2946,2994,3041,3087,3135
364,50126,Tupungato,28539,29052,29565,30077,30590,31103,31616,32128,32641,33154,33861,34561,35259,35950,36632,37306,37975,38632,39282,39921,40550,41168,41776,42371,42955
365,66126,Orán,124029,125991,127952,129914,131875,133837,135798,137760,139721,141683,143238,144789,146336,147872,149398,150914,152421,153914,155393,156851,158291,159715,161120,162503,163866
366,70126,25 de Mayo,15193,15447,15702,15956,16211,16465,16720,16974,17229,17483,17764,18047,18329,18611,18893,19173,19453,19731,20007,20282,20554,20824,21091,21356,21618
367,82126,San Martín,60698,61188,61677,62167,62657,63146,63636,64126,64615,65105,65286,65471,65655,65842,66027,66213,66398,66582,66764,66945,67123,67299,67471,67642,67810
368,86126,Ojo de agua,13352,13437,13522,13607,13692,13778,13863,13948,14033,14118,14189,14261,14334,14409,14483,14558,14633,14709,14784,14859,14933,15008,15079,15151,15222
369,14133,San Javier,48951,49472,49993,50514,51035,51556,52077,52598,53119,53640,54412,55184,55955,56726,57494,58257,59016,59769,60516,61252,61981,62700,63408,64103,64787
370,18133,San Cosme,13189,13360,13532,13703,13875,14046,14218,14389,14561,14732,15157,15583,16013,16441,16863,17284,17704,18113,18518,18915,19301,19679,20046,20399,20745
371,22133,Quitilipi,32083,32395,32706,33018,33330,33641,33953,34265,34576,34888,34678,34467,34256,34046,33836,33628,33421,33215,33014,32815,32621,32430,32242,32059,31880
372,42133,Realicó,15302,15451,15600,15750,15899,16048,16197,16347,16496,16645,16710,16775,16840,16903,16965,17024,17084,17141,17197,17252,17304,17356,17405,17452,17498
373,66133,Rivadavia,27370,27773,28176,28579,28982,29385,29788,30191,30594,30997,31605,32214,32819,33422,34019,34613,35203,35789,36369,36940,37504,38062,38612,39154,39688
374,70133,Zonda,4038,4140,4242,4345,4447,4549,4651,4754,4856,4958,5102,5247,5392,5537,5681,5826,5969,6112,6254,6395,6535,6674,6812,6947,7081
375,82133,Vera,51303,51446,51588,51731,51873,52016,52158,52301,52443,52586,52837,53094,53349,53604,53857,54106,54351,54588,54819,55042,55257,55463,55660,55847,56026
376,86133,Pelegrini,19517,19646,19775,19904,20033,20161,20290,20419,20548,20677,21124,21571,22022,22482,22945,23408,23874,24343,24810,25273,25733,26193,26643,27087,27526
377,6134,Cañuelas,42575,43629,44683,45736,46790,47844,48898,49951,51005,52059,53706,55341,56960,58558,60131,61682,63214,64724,66213,67677,69118,70542,71943,73325,74686
378,6140,Capitán Sarmiento,12854,13045,13237,13428,13619,13811,14002,14193,14385,14576,14692,14808,14922,15035,15146,15256,15364,15471,15575,15680,15781,15882,15981,16078,16174
379,14140,San Justo,190182,192037,193891,195746,197601,199455,201310,203165,205019,206874,208794,210711,212622,214521,216404,218271,220117,221942,223740,225509,227246,228951,230620,232249,233838
380,18140,San Luis del Palmar,16513,16682,16851,17020,17189,17357,17526,17695,17864,18033,18323,18612,18902,19189,19478,19761,20044,20322,20596,20864,21126,21381,21627,21868,22102
381,22140,San Fernando,365637,369461,373285,377109,380933,384757,388581,392405,396229,400053,401224,402395,403570,404741,405907,407068,408221,409365,410494,411603,412693,413764,414813,415842,416844
382,42140,Toay,9256,9629,10001,10374,10746,11119,11491,11864,12236,12609,12995,13389,13795,14213,14641,15070,15517,15977,16450,16931,17422,17927,18443,18975,19520
383,66140,Rosario de la Frontera,28013,28194,28375,28557,28738,28919,29100,29282,29463,29644,29999,30353,30706,31056,31401,31747,32091,32430,32766,33098,33428,33750,34069,34385,34697
384,86140,Quebrachos,11331,11264,11197,11129,11062,10995,10928,10860,10793,10726,10848,10976,11106,11242,11377,11513,11652,11791,11930,12069,12203,12336,12465,12593,12716
385,6147,Carlos Casares,21125,21267,21410,21552,21695,21837,21980,22122,22265,22407,22451,22495,22539,22582,22624,22666,22707,22748,22788,22828,22867,22905,22943,22980,23017
386,14147,Santa María,86083,87560,89037,90514,91991,93469,94946,96423,97900,99377,102534,105728,108956,112215,115499,118807,122138,125488,128854,132230,135618,139012,142411,145811,149206
387,18147,San Martín,12236,12373,12510,12646,12783,12920,13057,13193,13330,13467,13613,13759,13906,14053,14199,14342,14486,14626,14766,14902,15034,15164,15289,15411,15528
388,22147,San Lorenzo,14252,14343,14434,14526,14617,14708,14799,14891,14982,15073,15155,15238,15323,15405,15489,15571,15653,15734,15814,15893,15969,16045,16119,16191,16262
389,42147,Trenel,5324,5354,5383,5413,5443,5472,5502,5532,5561,5591,5595,5599,5604,5609,5613,5617,5620,5624,5628,5631,5634,5637,5640,5643,5646
390,66147,Rosario de Lerma,33741,34379,35016,35654,36292,36929,37567,38205,38842,39480,40469,41457,42442,43420,44391,45357,46316,47267,48208,49137,50053,50961,51853,52736,53603
391,86147,Río Hondo,50781,51272,51763,52254,52745,53236,53727,54218,54709,55200,56120,57052,57993,58945,59901,60866,61834,62803,63771,64733,65689,66637,67573,68497,69404
392,6154,Carlos Tejedor,11539,11555,11570,11586,11602,11617,11633,11649,11664,11680,11891,12103,12314,12526,12737,12949,13160,13372,13583,13583,14007,14007,14430,14430,14853
393,14154,Sobremonte,4531,4554,4576,4599,4622,4644,4667,4690,4712,4735,4701,4668,4637,4605,4575,4544,4515,4487,4458,4431,4405,4381,4356,4334,4313
394,18154,San Miguel,10252,10319,10386,10453,10520,10588,10655,10722,10789,10856,11015,11175,11334,11494,11651,11808,11966,12118,12266,12415,12560,12700,12836,12968,13098
395,22154,Sargento Cabral,15030,15168,15306,15444,15582,15721,15859,15997,16135,16273,16478,16686,16893,17101,17308,17514,17719,17921,18119,18315,18508,18696,18881,19061,19238
396,42154,Utracán,14504,14584,14665,14745,14826,14906,14987,15067,15148,15228,15468,15702,15931,16154,16370,16579,16782,16977,17165,17347,17519,17686,17844,17988,18131
397,66154,San Carlos,7208,7206,7203,7201,7199,7196,7194,7192,7189,7187,7241,7286,7341,7395,7440,7490,7540,7589,7639,7684,7734,7779,7828,7868,7918
398,86154,Rivadavia,4916,4933,4949,4966,4982,4999,5015,5032,5048,5065,5085,5105,5125,5146,5166,5188,5208,5231,5251,5272,5292,5314,5334,5354,5374
399,6161,Carmen de Areco,13992,14083,14174,14264,14355,14446,14537,14627,14718,14809,15034,15260,15480,15700,15917,16128,16339,16548,16750,16953,17150,17345,17539,17727,17913
400,14161,Tercero Arriba,107460,108070,108679,109289,109899,110508,111118,111728,112337,112947,113609,114266,114916,115557,116187,116805,117411,118003,118579,119139,119682,120207,120712,121197,121661
401,18161,San Roque,17951,18052,18154,18255,18356,18458,18559,18660,18762,18863,19193,19521,19855,20183,20510,20835,21156,21475,21787,22092,22392,22682,22965,23239,23504
402,22161,Tapenagá,4188,4190,4193,4195,4198,4200,4203,4205,4208,4210,4194,4175,4160,4141,4122,4107,4094,4079,4069,4060,4054,4051,4051,4051,4051
403,66161,Santa Victoria,11122,11065,11008,10951,10894,10836,10779,10722,10665,10608,10504,10400,10298,10197,10096,9994,9894,9794,9697,9599,9503,9411,9316,9225,9134
404,86161,Robles,40060,40567,41074,41581,42088,42596,43103,43610,44117,44624,45369,46123,46885,47654,48428,49208,49991,50776,51560,52339,53112,53879,54637,55384,56119
405,6168,Castelli,7852,7898,7945,7991,8038,8084,8131,8177,8224,8270,8383,8497,8610,8721,8832,8937,9042,9148,9251,9353,9453,9551,9650,9745,9840
406,14168,Totoral,16479,16712,16945,17177,17410,17643,17876,18108,18341,18574,18892,19212,19534,19858,20183,20509,20837,21164,21492,21820,22147,22473,22797,23120,23442
407,18168,Santo Tomé,54050,55013,55977,56940,57904,58867,59831,60794,61758,62721,63514,64310,65105,65899,66688,67471,68247,69014,69765,70501,71220,71922,72602,73264,73903
408,22168,25 de Mayo,28070,28277,28485,28692,28899,29107,29314,29521,29729,29936,30163,30392,30621,30850,31078,31305,31530,31751,31972,32187,32398,32606,32810,33008,33203
409,86168,Salavina,10664,10735,10807,10878,10949,11021,11092,11163,11235,11306,11424,11544,11664,11786,11909,12033,12158,12282,12405,12531,12653,12775,12895,13013,13130
410,6175,Colón,23179,23388,23598,23807,24016,24226,24435,24644,24854,25063,25272,25479,25684,25886,26087,26283,26478,26668,26857,27043,27226,27406,27584,27758,27931
411,14175,Tulumba,12211,12294,12377,12460,12543,12626,12709,12792,12875,12958,13059,13158,13258,13356,13454,13550,13646,13739,13830,13919,14007,14092,14174,14255,14333
412,18175,Sauce,9151,9166,9182,9197,9213,9228,9244,9259,9275,9290,9378,9467,9575,9663,9752,9850,9939,10027,10116,10214,10293,10382,10460,10539,10608
413,86175,San Martín,9148,9231,9314,9397,9480,9564,9647,9730,9813,9896,10000,10105,10211,10317,10425,10533,10641,10751,10860,10968,11075,11183,11288,11392,11493
414,6182,Coronel de Marina L. Rosales,60892,61094,61296,61499,61701,61903,62105,62308,62510,62712,62989,63266,63537,63808,64072,64333,64591,64845,65093,65340,65581,65823,66057,66288,66516
415,14182,Unión,100247,101030,101814,102597,103381,104164,104948,105731,106515,107298,107853,108407,108959,109506,110048,110584,111114,111637,112151,112655,113150,113635,114107,114567,115015
416,86182,Sarmiento,4669,4668,4667,4666,4665,4665,4664,4663,4662,4661,4691,4725,4758,4786,4819,4847,4878,4911,4942,4969,5003,5034,5064,5095,5128
417,6189,Coronel Dorrego,16522,16464,16406,16347,16289,16231,16173,16114,16056,15998,15978,15961,15943,15925,15908,15891,15874,15858,15842,15826,15810,15795,15779,15764,15749
418,86189,Silípica,7605,7626,7647,7667,7688,7709,7730,7750,7771,7792,7949,8107,8273,8439,8597,8763,8936,9102,9268,9434,9600,9766,9923,10089,10239
419,6196,Coronel Pringles,23794,23726,23657,23589,23521,23452,23384,23316,23247,23179,23266,23347,23429,23509,23589,23666,23743,23818,23893,23967,24038,24110,24180,24248,24316
420,6203,Coronel Suárez,36828,37028,37228,37428,37628,37828,38028,38228,38428,38628,38911,39183,39453,39720,39982,40240,40495,40746,40995,41239,41476,41713,41946,42175,42401
421,6210,Chacabuco,45445,45846,46247,46647,47048,47449,47850,48250,48651,49052,49351,49648,49943,50233,50518,50800,51078,51352,51623,51888,52150,52409,52663,52914,53160
422,6217,Chascomús,38647,39080,39514,39947,40381,40814,41248,41681,42115,42548,43066,43580,44090,44593,45087,45575,46057,46531,47000,47461,47913,48361,48802,49235,49664
423,6224,Chivilcoy,60762,61196,61631,62065,62499,62934,63368,63802,64237,64671,65195,65716,66230,66739,67240,67733,68220,68701,69176,69641,70100,70554,71000,71440,71871
424,6231,Daireaux,15857,15985,16114,16242,16371,16499,16628,16756,16885,17013,17129,17246,17362,17474,17587,17698,17806,17914,18020,18124,18227,18328,18428,18526,18622
425,6238,Dolores,25216,25442,25668,25894,26120,26347,26573,26799,27025,27251,27622,27990,28354,28712,29065,29413,29758,30099,30430,30761,31085,31405,31719,32028,32336
426,6245,Ensenada,51448,52079,52709,53340,53970,54601,55231,55862,56492,57123,57734,58341,58940,59533,60117,60692,61260,61821,62372,62915,63450,63978,64498,65010,65514
427,6252,Escobar,178155,182277,186400,190522,194644,198767,202889,207011,211134,215256,218288,221962,225580,229150,232667,236169,239621,243015,246350,249658,252882,256071,259203,262289,265328
428,6260,Esteban Echeverría,243974,250286,256599,262911,269223,275536,281848,288160,294473,300785,304405,307859,311104,314343,317417,320512,323547,326585,329409,332214,335055,337880,340656,343401,346165
429,6266,Exaltación de la Cruz,24167,24803,25438,26074,26710,27345,27981,28617,29252,29888,30793,31691,32580,33457,34321,35173,36013,36842,37660,38463,39256,40036,40806,41565,42310
430,6270,Ezeiza,118807,123749,128691,133634,138576,143518,148460,153403,158345,163287,166498,169736,172836,175899,178891,181817,184707,187557,190367,193134,195917,198620,201274,203944,206593
431,6274,Florencio Varela,348970,357611,366252,374893,383534,392174,400815,409456,418097,426738,432496,437980,443377,448706,453888,458953,464068,468998,473855,478692,483401,488103,492795,497514,502186
432,6277,Florentino Ameghino,8171,8256,8340,8425,8509,8594,8678,8763,8847,8932,9094,9256,9414,9572,9728,9882,10033,10183,10330,10475,10618,10759,10895,11033,11165
433,6280,General Alvarado,34391,34996,35601,36206,36811,37417,38022,38627,39232,39837,40325,40809,41288,41761,42227,42686,43139,43586,44026,44460,44886,45307,45723,46131,46534
434,6287,General Alvear,10897,10934,10972,11009,11047,11084,11122,11159,11197,11234,11136,11039,10946,10852,10759,10669,10576,10490,10404,10314,10228,10150,10067,9985,9903
435,6294,General Arenales,14876,14894,14913,14931,14950,14968,14987,15005,15024,15042,15150,15312,15366,15474,15582,15690,15798,15906,15960,16068,16122,16231,16339,16447,16555
436,6301,General Belgrano,15381,15614,15846,16079,16311,16544,16776,17009,17241,17474,17757,18041,18322,18597,18871,19138,19404,19666,19924,20177,20427,20674,20916,21155,21391
437,6308,General Guido,2771,2779,2787,2794,2802,2810,2818,2825,2833,2841,2872,2898,2925,2951,2977,3004,3030,3056,3083,3109,3135,3157,3183,3204,3230
438,6315,General Juan Madariaga,18286,18463,18640,18817,18994,19172,19349,19526,19703,19880,20120,20357,20592,20823,21052,21278,21500,21721,21936,22148,22358,22566,22768,22969,23167
439,6322,General La Madrid,10984,10974,10964,10953,10943,10933,10923,10912,10902,10892,10948,11007,11061,11117,11172,11226,11280,11332,11385,11435,11485,11535,11584,11632,11680
440,6329,General Las Heras,12799,13039,13278,13518,13757,13997,14236,14476,14715,14955,15225,15492,15758,16019,16277,16529,16780,17028,17271,17510,17746,17980,18208,18434,18657
441,6336,General Lavalle,3063,3135,3207,3280,3352,3424,3496,3569,3641,3713,3814,3914,4013,4110,4208,4301,4396,4489,4580,4670,4758,4846,4931,5016,5100
442,6343,General Paz,10319,10427,10536,10644,10752,10861,10969,11077,11186,11294,11545,11796,12048,12294,12535,12776,13012,13243,13474,13699,13920,14141,14356,14566,14777
443,6351,General Pinto,11129,11155,11181,11207,11233,11259,11285,11311,11337,11363,11501,11631,11760,11881,12011,12132,12262,12383,12496,12617,12729,12842,12954,13066,13179
444,6357,General Pueyrredón,564056,570760,577463,584167,590870,597574,604277,610981,617684,624388,627559,630737,633883,636988,640049,643092,646098,649062,651986,654887,657746,660569,663352,666096,668800
445,6364,General Rodríguez,67931,70087,72244,74400,76557,78713,80870,83026,85183,87339,92245,97109,101922,106672,111352,115967,120522,125013,129439,133795,138084,142315,146485,150595,154641
446,6371,General San Martín,403107,404764,406420,408077,409734,411390,413047,414704,416360,418017,420414,422713,425008,427297,429518,431736,433947,436193,438333,440498,442502,444503,446472,448308,449859
447,6385,General Viamonte,17641,17707,17772,17838,17904,17969,18035,18101,18166,18232,18618,18997,19370,19742,20115,20467,20825,21177,21522,21860,22198,22530,22861,23178,23495
448,6392,General Villegas,28960,29197,29434,29671,29908,30144,30381,30618,30855,31092,31444,31795,32143,32484,32823,33156,33484,33807,34126,34441,34751,35055,35355,35651,35943
449,6399,Guaminí,11257,11330,11404,11477,11551,11624,11698,11771,11845,11918,11895,11872,11850,11828,11806,11784,11763,11742,11722,11701,11681,11662,11642,11623,11604
450,6406,Hipólito Yrigoyen,8819,8912,9005,9098,9191,9285,9378,9471,9564,9657,9740,9820,9902,9982,10060,10137,10214,10290,10364,10437,10510,10581,10650,10719,10787
451,6408,Hurlingham,172245,173396,174547,175698,176849,178000,179151,180302,181453,182604,182850,183094,183335,183573,183808,184040,184268,184493,184715,184933,185149,185361,185570,185776,185979
452,6410,Ituzaingó,158121,159334,160547,161760,162973,164186,165399,166612,167825,169038,169841,170639,171427,172206,172973,173728,174475,175212,175936,176650,177353,177983,178602,179211,179811
453,6412,José C. Paz,230208,234327,238445,242564,246682,250801,254919,259038,263156,267275,272604,277887,283112,288273,293355,298428,303376,308051,312857,317272,321932,326527,330866,335030,339113
454,6413,Junín,88664,88945,89226,89507,89788,90068,90349,90630,90911,91192,97636,98055,98479,98912,99344,99569,99793,100018,100251,100484,100722,100964,101201,101447,101697
455,6420,La Costa,60483,61544,62605,63666,64727,65789,66850,67911,68972,70033,72742,75431,78087,80713,83299,85847,88364,90845,93287,95690,98060,100400,102703,104973,107208
456,6427,La Matanza,1255288,1313315,1371342,1429369,1487396,1545422,1603449,1661476,1719503,1777530,1782827,1788097,1793310,1798447,1803509,1808500,1813432,1818320,1823144,1827876,1832542,1837168,1841738,1846233,1850702
457,6434,Lanús,453082,454246,455409,456573,457737,458900,460064,461228,462391,463555,463244,462934,462628,462329,462035,461745,461455,461173,460895,460621,460351,460081,459819,459561,459307
458,6441,La Plata,574369,583836,593304,602771,612238,621706,631173,640640,650108,659575,667319,675902,684465,692905,701213,709301,717366,725363,733194,741003,748590,756074,763415,770647,777781
459,6448,Laprida,9683,9750,9817,9884,9951,10019,10086,10153,10220,10287,10396,10502,10607,10712,10814,10917,11016,11115,11213,11309,11403,11496,11588,11677,11767
460,6455,Las Flores,23551,23611,23670,23730,23789,23849,23908,23968,24027,24087,24436,24698,24951,25205,25458,25703,25947,26192,26428,26664,26908,27136,27363,27581,27808
461,6462,Leandro N. Alem,16358,16423,16488,16553,16618,16682,16747,16812,16877,16942,16960,16979,16997,17016,17033,17051,17069,17086,17103,17120,17136,17153,17169,17185,17200
462,6469,Lincoln,41127,41247,41366,41486,41606,41725,41845,41965,42084,42204,42481,42736,42991,43222,43477,43732,43986,44218,44473,44704,44959,45191,45399,45654,45885
463,6476,Lobería,17008,17082,17155,17229,17303,17376,17450,17524,17597,17671,17710,17748,17786,17824,17860,17897,17933,17969,18004,18038,18072,18106,18138,18171,18203
464,6483,Lobos,33141,33504,33866,34229,34591,34954,35316,35679,36041,36404,36841,37285,37726,38160,38588,39011,39426,39837,40242,40639,41031,41418,41798,42173,42543
465,6490,Lomas de Zamora,591345,594689,598033,601377,604721,608064,611408,614752,618096,621440,627247,633079,638947,644682,650289,655781,661140,666279,671258,676216,681039,685644,690097,694370,698510
466,6497,Luján,93992,95425,96857,98290,99723,101155,102588,104021,105453,106886,107173,107459,107741,108020,108294,108565,108832,109096,109355,109611,109862,110111,110355,110596,110834
467,6505,Magdalena,16603,16861,17119,17377,17635,17892,18150,18408,18666,18924,19307,19684,20059,20426,20788,21095,21395,21688,21974,22207,22433,22653,22868,23074,23277
468,6511,Maipú,10193,10200,10207,10214,10221,10227,10234,10241,10248,10255,10303,10376,10455,10534,10614,10699,10790,10875,10966,11064,11149,11253,11350,11453,11557
469,6515,Malvinas Argentinas,290691,294432,298173,301913,305654,309395,313136,316876,320617,324358,326575,328802,330977,333153,335321,337466,339524,341554,343553,345520,347488,349401,351285,353141,354999
470,6518,Mar Chiquita,17908,18292,18675,19059,19443,19826,20210,20594,20977,21361,22398,23425,24442,25445,26432,27408,28369,29317,30253,31172,32078,32973,33852,34719,35574
471,6525,Marcos Paz,43400,44615,45830,47046,48261,49476,50691,51907,53122,54337,55267,56188,57102,58002,58890,59764,60628,61480,62319,63145,63958,64761,65551,66331,67097
472,6532,Mercedes,59870,60302,60734,61166,61598,62031,62463,62895,63327,63759,64403,65045,65680,66305,66922,67531,68130,68722,69306,69880,70445,71002,71552,72094,72627
473,6539,Merlo,469985,476832,483679,490526,497373,504221,511068,517915,524762,531609,535770,539916,544203,548453,552726,556984,561218,565433,569569,573671,577661,581484,585233,588924,592378
474,6547,Monte,17488,17891,18293,18696,19098,19501,19903,20306,20708,21111,21366,21658,21946,22249,22535,22898,23205,23484,23799,24004,24317,24616,24939,25257,25559
475,6553,Monte Hermoso,5602,5706,5809,5913,6016,6120,6223,6327,6430,6534,6715,6881,7049,7215,7375,7534,7690,7847,7998,8149,8296,8444,8585,8725,8864
476,6560,Moreno,380503,388716,396928,405141,413353,421566,429778,437991,446203,454416,464641,475018,485585,495970,506273,516446,526619,536665,546753,556585,566231,575758,585164,594448,603457
477,6568,Morón,309380,311035,312691,314346,316002,317657,319313,320968,322624,324279,324747,325220,325679,326124,326569,327015,327456,327881,328301,328697,329110,329517,329916,330318,330699
478,6574,Navarro,15797,15951,16105,16259,16413,16568,16722,16876,17030,17184,17427,17664,17901,18133,18363,18594,18815,19036,19253,19467,19680,19888,20091,20292,20493
479,6581,Necochea,89096,89611,90126,90641,91156,91670,92185,92700,93215,93730,94424,95109,95789,96458,97120,97768,98410,99047,99669,100282,100887,101483,102073,102651,103221
480,6588,9 de Julio,45998,46237,46476,46715,46954,47194,47433,47672,47911,48150,48528,48901,49263,49636,49986,50348,50698,51037,51376,51710,52038,52366,52682,52998,53309
481,6595,Olavarría,103961,104914,105866,106819,107771,108724,109676,110629,111581,112534,113379,114218,115047,115867,116673,117469,118254,119029,119792,120541,121281,122011,122729,123439,124135
482,6602,Patagones,27938,28217,28495,28774,29053,29331,29610,29889,30167,30446,31073,31698,32318,32927,33524,34118,34700,35278,35844,36403,36955,37499,38031,38559,39080
483,6609,Pehuajó,38400,38590,38780,38970,39160,39349,39539,39729,39919,40109,40507,40905,41297,41687,42068,42443,42813,43180,43541,43897,44247,44594,44932,45268,45597
484,6616,Pellegrini,6030,6017,6004,5991,5978,5965,5952,5939,5926,5913,6024,6240,6324,6400,6484,6568,6658,6742,6833,6923,7021,7112,7209,7307,7411
485,6623,Pergamino,99193,99885,100577,101269,101961,102652,103344,104036,104728,105420,106275,107122,107960,108786,109600,110404,111195,111978,112748,113505,114250,114988,115713,116428,117130
486,6630,Pila,3318,3357,3395,3434,3472,3511,3549,3588,3626,3665,3750,3833,3918,4001,4081,4161,4238,4316,4390,4468,4542,4615,4687,4756,4825
487,6638,Pilar,232463,239917,247371,254825,262279,269733,277187,284641,292095,299549,307943,316266,324500,332629,340637,348532,356326,364012,371584,379034,386373,393614,400749,407780,414704
488,6644,Pinamar,20666,21236,21806,22377,22947,23517,24087,24658,25228,25798,26997,28184,29358,30519,31662,32789,33901,34998,36079,37141,38190,39224,40243,41245,42235
489,6648,Presidente Perón,60191,62522,64852,67183,69513,71844,74174,76505,78835,81166,83024,84867,86691,88490,90263,92012,93738,95439,97116,98766,100391,101994,103574,105130,106663
490,6651,Puán,16381,16324,16268,16211,16154,16098,16041,15984,15928,15871,15900,15929,15978,16027,16075,16123,16169,16214,16260,16304,16348,16391,16433,16474,16515
491,6655,Punta Indio,9362,9429,9496,9563,9630,9696,9763,9830,9897,9964,10157,10353,10543,10733,10923,11107,11291,11469,11644,11819,11988,12161,12326,12492,12652
492,6658,Quilmes,518788,526307,533827,541346,548865,556385,563904,571423,578943,586462,590339,594252,598067,601894,605746,609602,613421,617194,620922,624657,628274,631774,635232,638553,641830
493,6665,Ramallo,29179,29628,30077,30525,30974,31423,31872,32320,32769,33218,33790,34360,34923,35479,36027,36566,37098,37623,38141,38650,39151,39648,40135,40615,41088
494,6672,Rauch,14434,14529,14625,14720,14816,14911,15007,15102,15198,15293,15399,15505,15609,15714,15815,15916,16016,16113,16210,16305,16399,16491,16582,16672,16760
495,6679,Rivadavia,15452,15548,15644,15740,15836,15933,16029,16125,16221,16317,16732,17044,17316,17588,17893,18187,18474,18746,19010,19264,19503,19735,19955,20172,20374
496,6686,Rojas,22842,22930,23017,23105,23192,23280,23367,23455,23542,23630,23808,23984,24158,24330,24499,24666,24830,24994,25152,25311,25466,25619,25771,25919,26064
497,6693,Roque Pérez,10902,11065,11227,11390,11552,11715,11877,12040,12202,12365,12513,12649,12785,12917,13049,13177,13304,13429,13550,13669,13786,13901,14014,14124,14233
498,6700,Saavedra,19715,19849,19982,20116,20250,20383,20517,20651,20784,20918,20962,21005,21048,21090,21132,21173,21213,21253,21292,21331,21369,21407,21443,21480,21515
499,6707,Saladillo,29600,29902,30204,30506,30808,31109,31411,31713,32015,32317,32593,32868,33140,33408,33673,33933,34191,34445,34694,34940,35183,35423,35658,35890,36119
500,6714,Salto,29189,29595,30001,30406,30812,31218,31624,32029,32435,32841,33412,33980,34541,35097,35643,36181,36713,37236,37754,38261,38762,39257,39742,40222,40694
501,6721,Salliqueló,8682,8686,8689,8693,8696,8700,8703,8707,8710,8714,8752,8801,8856,8911,8966,9015,9070,9124,9179,9239,9289,9344,9404,9459,9513
502,6728,San Andrés de Giles,20829,21089,21349,21609,21869,22128,22388,22648,22908,23168,23456,23741,24024,24304,24579,24850,25118,25382,25642,25898,26149,26399,26644,26885,27123
503,6735,San Antonio de Areco,21333,21551,21769,21988,22206,22424,22642,22861,23079,23297,23601,23900,24197,24492,24780,25065,25347,25625,25898,26167,26432,26695,26952,27204,27455
504,6742,San Cayetano,8119,8158,8197,8236,8275,8313,8352,8391,8430,8469,8508,8547,8587,8626,8664,8702,8740,8775,8812,8848,8883,8918,8952,8985,9019
505,6749,San Fernando,151131,152611,154091,155571,157051,158532,160012,161492,162972,164452,165045,165633,166215,166789,167355,167913,168464,169007,169542,170069,170587,171099,171603,172100,172589
506,6756,San Isidro,291505,291993,292480,292968,293456,293943,294431,294919,295406,295894,295903,295912,295920,295927,295935,295942,295948,295955,295961,295967,295972,295978,295983,295986,295990
507,6760,San Miguel,253086,255856,258627,261397,264167,266938,269708,272478,275249,278019,282540,287027,291516,295951,300323,304396,308415,312380,316286,320129,323915,327650,331329,334954,338526
508,6763,San Nicolás,137867,138879,139891,140903,141915,142928,143940,144952,145964,146976,148732,150474,152196,153898,155572,157225,158855,160465,162047,163608,165142,166657,168151,169621,171072
509,6770,San Pedro,55234,55704,56174,56645,57115,57585,58055,58526,58996,59466,60259,61045,61823,62591,63349,64093,64829,65555,66272,66974,67668,68353,69025,69690,70344
510,6778,San Vicente,44529,46194,47858,49523,51187,52852,54516,56181,57845,59510,62938,66337,69701,73021,76291,79517,82699,85839,88931,91975,94973,97929,100844,103715,106544
511,6784,Suipacha,8904,9041,9177,9314,9451,9587,9724,9861,9997,10134,10277,10419,10559,10697,10834,10968,11100,11231,11361,11487,11612,11736,11856,11976,12094
512,6791,Tandil,108109,109945,111781,113616,115452,117288,119124,120959,122795,124631,126407,128161,129921,131658,133367,135053,136718,138358,139974,141565,143132,144678,146199,147700,149176
513,6798,Tapalqué,8296,8401,8505,8610,8715,8819,8924,9029,9133,9238,9368,9498,9625,9750,9875,9997,10117,10236,10353,10468,10582,10695,10805,10914,11020
514,6805,Tigre,301223,309589,317955,326320,334686,343052,351418,359783,368149,376515,383098,389597,395776,401796,407729,413584,419230,424798,430286,435724,441049,446291,451471,456584,461478
515,6812,Tordillo,1742,1746,1750,1755,1759,1763,1767,1772,1776,1780,1850,1896,1967,2037,2107,2154,2224,2270,2341,2411,2457,2528,2574,2621,2668
516,6819,Tornquist,11759,11876,11993,12109,12226,12343,12460,12576,12693,12810,12968,13126,13281,13436,13587,13736,13885,14030,14173,14314,14454,14591,14725,14859,14989
517,6826,Trenque Lauquen,40181,40530,40880,41229,41579,41928,42278,42627,42977,43326,43842,44357,44865,45366,45860,46348,46829,47301,47769,48230,48682,49128,49567,50003,50428
518,6833,Tres Arroyos,57244,57272,57300,57328,57356,57385,57413,57441,57469,57497,57611,57794,58023,58320,58549,58846,59212,59624,60104,60630,61225,61889,62598,63375,64176
519,6840,Tres de Febrero,336467,337230,337994,338757,339521,340284,341048,341811,342575,343338,345682,347867,349687,351599,353670,355605,356515,357516,358654,359929,361067,362319,363434,365141,366461
520,6847,Tres Lomas,7439,7547,7655,7762,7870,7978,8086,8193,8301,8409,8493,8544,8618,8670,8733,8788,8843,8895,8946,8995,9043,9090,9135,9179,9221
521,6854,25 de Mayo,34877,35018,35160,35301,35442,35584,35725,35866,36008,36149,36082,36017,35952,35889,35825,35764,35703,35643,35583,35525,35467,35411,35354,35299,35245
522,6861,Vicente López,274082,273894,273706,273518,273330,273141,272953,272765,272577,272389,273442,274328,275039,275718,276360,276968,277556,278130,278788,279394,279983,280541,281047,281542,282013
523,6868,Villa Gesell,24282,25122,25963,26803,27643,28484,29324,30164,31005,31845,32334,32819,33298,33772,34238,34699,35152,35600,36041,36475,36903,37325,37740,38150,38553
524,6875,Villarino,26517,27033,27549,28065,28581,29098,29614,30130,30646,31162,31286,31410,31531,31652,31770,31886,32002,32115,32227,32336,32445,32552,32657,32760,32862
525,6882,Zárate,101271,102792,104312,105833,107354,108874,110395,111916,113436,114957,116426,117881,119322,120744,122145,123527,124890,126235,127561,128864,130148,131415,132663,133893,135105
